0.03,0.0026472356899837897,-5.093192154310502e-05
0.06,0.0062061910657150495,9.365764949529093e-05
0.09,0.007935923041502436,0.00040780139901697805
0.12,0.010180728808149284,-1.3087215325822363e-05
0.15,0.012753111913411934,-0.0015724911264088832
0.18,0.015148667836494387,-0.004837284595082133
0.21,0.018809952090217748,-0.009392264313225183
0.24,0.02374150632196021,-0.015409162131573577
0.27,0.029778352747224693,-0.02254359815420322
0.3,0.03727207005774893,-0.030316531495288027
0.32999999999999996,0.04487872290431675,-0.03936150271708744
0.36,0.053522887888285846,-0.048723960958775334
0.39,0.06095412139503229,-0.06041494310082331
0.42,0.06770027348120447,-0.07313958380943573
0.44999999999999996,0.07707841285728376,-0.08465015688295575
0.48,0.08600973428719781,-0.09460955326291387
0.51,0.09363559360174771,-0.1015885859425833
0.54,0.10180006518232465,-0.10547889506055828
0.57,0.11107322678495676,-0.10650782792551029
0.6,0.12284298407940013,-0.10564006919965219
0.63,0.13672938755121275,-0.10322037568678538
0.6599999999999999,0.15277037386380798,-0.09791400562686649
0.69,0.17042133949088567,-0.09037571109000997
0.72,0.18948163447932265,-0.08086761789716435
0.75,0.210658789735746,-0.06953473208427592
0.78,0.23396327981406628,-0.057143307889212666
0.8099999999999999,0.2580529127995393,-0.043551171309253504
0.84,0.28114242172484843,-0.030956441250895816
0.87,0.30425458800477906,-0.022007219234750307
0.8999999999999999,0.3238226390250247,-0.01583453515497239
0.9299999999999999,0.3414712660228037,-0.010694732091921825
0.96,0.35801824476528665,-0.007774513028900837
0.99,0.37360172494573385,-0.006771996100523177
1.02,0.38893844818107914,-0.007100288341596992
1.05,0.404653757524602,-0.009101428317742122
1.08,0.4206386595348263,-0.013282856077359547
1.1099999999999999,0.4374948862992276,-0.01941722937344736
1.14,0.4546128323898991,-0.027221011581438016
1.17,0.4726832530315157,-0.03671912980914423
1.2,0.49198180192140806,-0.04696336624582884
1.23,0.5104603315673392,-0.05737072804140904
1.26,0.5298374984621312,-0.06833057293701263
1.29,0.5494822129338893,-0.07748457001866853
1.3199999999999998,0.567798036066472,-0.08384376598029868
1.3499999999999999,0.5846004023904476,-0.0865616039188955
1.38,0.5996100453320629,-0.08620537665408073
1.41,0.615160225957379,-0.08396889714163398
1.44,0.6316935222971056,-0.07998945760555666
1.47,0.6490109858551197,-0.07343792843809133
1.5,0.6672272352448768,-0.0647667401016658
1.53,0.686603940288961,-0.0542839231982653
1.56,0.707190939861318,-0.04121535985014273
1.5899999999999999,0.7282474359521454,-0.02611226905636968
1.6199999999999999,0.7503158934110864,-0.010211901052042257
1.65,0.7722596184342362,0.006685451333662842
1.68,0.79220664982856,0.023732477112217123
1.71,0.8130515264157339,0.038985752429828456
1.74,0.8312633000431667,0.050970324512749215
1.77,0.8478387768085132,0.05969208223624134
1.7999999999999998,0.8628090160815627,0.06572287359294231
1.8299999999999998,0.8759337788723969,0.06938193223389295
1.8599999999999999,0.8889653875082841,0.0712294611111386
1.89,0.9031497348721216,0.07105285040391802
1.92,0.9179362025422845,0.06880996642258369
1.95,0.9331184745917963,0.06489160851755212
1.98,0.9486898467977221,0.05899059915269894
2.01,0.9640985069298862,0.050716983180232274
2.04,0.9808651944062656,0.0420405298542816
2.07,0.9957856483270087,0.03184133136253694
2.1,1.013423600767983,0.020405329642086516
2.13,1.031261542862614,0.00954566903459359
2.16,1.0480871480746392,0.0009233667797915679
2.19,1.0643500200532285,-0.005396485312026232
2.2199999999999998,1.0797788358528397,-0.009313393655192537
2.25,1.0958809059621635,-0.012108793589856502
2.28,1.112152118958908,-0.013203316859420857
2.31,1.1293380823750374,-0.012769377683539744
2.34,1.1467792390733398,-0.010537333211796902
2.37,1.1655696433810296,-0.0069962234642229545
2.4,1.1851931523387849,-0.0015535149844158453
2.4299999999999997,1.2057198421374913,0.005918651399496421
2.46,1.2271140960638538,0.014693273995860583
2.4899999999999998,1.2509039075677972,0.023958236371035342
2.52,1.275768900702458,0.033422758438115256
2.55,1.2995503676024704,0.04310679272287357
2.58,1.3213390064442887,0.05223952761407878
2.61,1.3414752990037417,0.05898008404833789
2.6399999999999997,1.3585626581281736,0.0633962522410875
2.67,1.3745514449014589,0.06700066364440366
2.6999999999999997,1.389130169308004,0.06913175360903587
2.73,1.403223530674047,0.07064882455372168
2.76,1.416869968185035,0.07127784646334535
2.79,1.4308472057572985,0.07128769378190307
2.82,1.4454155306527987,0.070015567509661
2.85,1.4598635458386502,0.06707819037616052
2.88,1.4751610225755087,0.0633481549551947
2.9099999999999997,1.4907003442062166,0.05962846115101924
2.94,1.504520033483653,0.05495638960358665
2.9699999999999998,1.5203918567215808,0.050814094608388705
3.0,1.536494399882838,0.04748648072893084
3.03,1.5518360540311937,0.04584803168474891
3.06,1.566192489806323,0.04604796707908535
3.09,1.5795274232369156,0.04796713121029734
3.12,1.5923622954300174,0.052537155277227576
3.15,1.604983127284742,0.05984946792429649
3.1799999999999997,1.6192552666691655,0.06957608819868494
3.21,1.634107875385732,0.08185721246621419
3.2399999999999998,1.6495257273841133,0.09623861525419267
3.27,1.666527743533661,0.1132020074788474
3.3,1.6859505035729463,0.13261448190570754
3.33,1.7043734322666735,0.1524208906093037
3.36,1.7206309576641146,0.17103902236252805
3.3899999999999997,1.7360256580215003,0.18594867401010096
3.42,1.7491258749711254,0.19741141154369224
3.4499999999999997,1.7619190832712994,0.20707122036595832
3.48,1.773971341793402,0.21509163071049509
3.51,1.7851439869586054,0.22193002614303506
3.54,1.7959916720948326,0.2271710102797907
3.57,1.8067715746312567,0.23102640526971024
3.5999999999999996,1.8178144708372208,0.2338639634795172
3.63,1.8297001632111476,0.23616865758452382
3.6599999999999997,1.8418247200406193,0.23691453686956748
3.69,1.8543611110378315,0.23633740475579718
3.7199999999999998,1.8665978103100025,0.23367171444240542
3.75,1.880124218806138,0.23054480984004785
3.78,1.8904091183198375,0.22598074113733127
3.81,1.9048558387328982,0.22167181272381728
3.84,1.9206371373502462,0.2177016037121424
3.8699999999999997,1.9356189438486548,0.21477392236747317
3.9,1.9499210492992245,0.21283207124724984
3.9299999999999997,1.9626508905871531,0.2120857676099704
3.96,1.9751054118408284,0.21229033002096737
3.9899999999999998,1.9874786628227856,0.21453086798100124
4.02,2.000614396352822,0.21844229511219046
4.05,2.0140325732076474,0.22342362810994004
4.08,2.0287487368895043,0.23017033711651141
4.109999999999999,2.0445596901433865,0.23849144432852923
4.14,2.061387638237233,0.24816016677455885
4.17,2.08064156075159,0.2585302656460135
4.2,2.0999532273563184,0.26880947273900296
4.2299999999999995,2.1187611518678966,0.27871330349021844
4.26,2.136349799134943,0.28704149415699043
4.29,2.1520911068671427,0.2933063357667646
4.32,2.167237618603912,0.297866730748618
4.35,2.1822829466730065,0.3008808011883604
4.38,2.1963269764044684,0.30221586069016226
4.41,2.2103841750366695,0.30202440251802015
4.4399999999999995,2.225395802380082,0.30119198816528187
4.47,2.2412511704547664,0.2998355375746839
4.5,2.2576696141164563,0.29666425353122
4.53,2.275095329333427,0.2919157698213294
4.56,2.29330796391201,0.28580979118470273
4.59,2.312042001244191,0.27888069262669946
4.62,2.3283574286992987,0.27090245589351913
4.6499999999999995,2.3475551745602212,0.26386737430630613
4.68,2.366312973394481,0.2585555799895688
4.71,2.383502101130395,0.25602900745471885
4.74,2.4002148199757305,0.2549886420115022
4.77,2.4163399511152677,0.2557494948854487
4.8,2.4318961734448674,0.25894405905962475
4.83,2.4482149984555606,0.2640559832916238
4.859999999999999,2.465094017962642,0.271443850448551
4.89,2.4824170729722264,0.28151321118149175
4.92,2.5008791616361656,0.29363365604097025
4.95,2.5205645928039404,0.30757280823481997
4.9799999999999995,2.5423011885414915,0.3231033871275577
5.01,2.564610470257158,0.3394154224664063
5.04,2.5849464721913544,0.35539583939335095
5.069999999999999,2.60468347533417,0.3694359405304437
5.1,2.6226792418209226,0.3802119259454507
5.13,2.638664114965379,0.3891482772672622
5.16,2.653773205922678,0.39641575197925993
5.1899999999999995,2.6682021928248907,0.4021944645741909
5.22,2.6825589327328054,0.4064983794717717
5.25,2.6972996418128132,0.4090958956192708
5.279999999999999,2.712836552608567,0.4098168125158455
5.31,2.728912995214915,0.4087197037371628
5.34,2.7453556870161577,0.4063527964608004
5.37,2.7629128495691564,0.40292090708352146
5.3999999999999995,2.78102512253811,0.3988669770749399
5.43,2.7972425468917375,0.39252006073235246
5.46,2.81679437053393,0.38702677588903456
5.49,2.8369921891224945,0.3825252584244533
5.52,2.8566228410419465,0.3793805675251708
5.55,2.874886512143723,0.3772764842160234
5.58,2.8924880198514233,0.37621599754665297
5.609999999999999,2.9110099031517502,0.37718871087749994
5.64,2.9283860435572477,0.37963238946583655
5.67,2.9464201462659734,0.38326399882099
5.7,2.964655286494105,0.38843754766338146
5.7299999999999995,2.983933568361388,0.3953879389694504
5.76,3.004010124416219,0.4040885812678021
5.79,3.0254465891710125,0.41418821714054765
5.819999999999999,3.04893248956344,0.42609367299845563
5.85,3.074528351151551,0.4376102505602382
5.88,3.099072917818746,0.4487686163711948
5.91,3.1235379935960736,0.46038192602093936
5.9399999999999995,3.1483048963918456,0.47114122294803873
5.97,3.171390494995949,0.4796916533067253
6.0,3.191979480977319,0.4855261619668488
6.029999999999999,3.2108492792940413,0.48947136589788653
6.06,3.228740601653548,0.49169715484870874
6.09,3.246462528694246,0.49227083134601235
6.12,3.2647438940059184,0.49189225289672533
6.1499999999999995,3.2831236455915573,0.4902361875095703
6.18,3.300666254352952,0.48753076853301225
6.21,3.316962343612963,0.4843640166958143
6.24,3.3329889165026363,0.4808546828592559
6.27,3.3512343586005833,0.47544516117309976
6.3,3.3646795769344187,0.4676601549799934
6.33,3.3785652445358973,0.459989453748622
6.359999999999999,3.391655214164646,0.45414281592055655
6.39,3.401970113112608,0.4503639813455085
6.42,3.410314069216825,0.44750594741904687
6.45,3.4200341848961675,0.4450104002188005
6.4799999999999995,3.428492844863436,0.443256167460525
6.51,3.4361118871277596,0.44403186495183444
6.54,3.4424564614540896,0.44619597757998086
6.569999999999999,3.4467545009349077,0.4490214148347498
6.6,3.4499567738662464,0.45268051106256624
6.63,3.4521157485355762,0.4589549817710303
6.66,3.45347271849863,0.46652583891552357
6.6899999999999995,3.454986420887759,0.4739966154535011
6.72,3.4550838819324095,0.48193371187912437
6.75,3.4557342685288224,0.49010852074463923
6.779999999999999,3.456492357857572,0.4968323776763133
6.81,3.457445915991015,0.5021523298032768
6.84,3.4589993266373664,0.5051546822667172
6.87,3.4612701353012256,0.5053376048158839
6.8999999999999995,3.463811305244595,0.5028988044777224
6.93,3.467424345617632,0.4985182359780904
6.96,3.471838661409224,0.49189709062591475
6.989999999999999,3.4782644075752054,0.4815919209105001
7.02,3.4861155242863706,0.4672715908318581
7.05,3.4946691019003104,0.4516881366512284
7.08,3.5024035406153295,0.4349486809070765
7.109999999999999,3.509581716642178,0.417194785223494
7.14,3.5168392989595594,0.4011592533891802
7.17,3.5230186417066682,0.38513651770639645
7.199999999999999,3.5280478110086464,0.37034228068250663
7.2299999999999995,3.5306549335281603,0.35622341359584286
7.26,3.5315701852422055,0.3435445658042573
7.29,3.5309146469833554,0.33201700302937326
7.319999999999999,3.5285105223612288,0.32140251256418134
7.35,3.524443925014245,0.31207032166806903
7.38,3.5192446857714033,0.30341726957534676
0.03,0.0021825536314879204,-6.069011318961774e-05
0.06,0.003924825440191773,0.0009834649499630302
0.09,0.006358417227795246,0.00172171531862459
0.12,0.009330406378612413,0.0027129504104159707
0.15,0.011840781738600481,0.004978708104672864
0.18,0.014965952905399649,0.007892354582057299
0.21,0.018654955542081148,0.013067010349199685
0.24,0.02299622120375959,0.02001959562095509
0.27,0.028124430430772153,0.028954590646262667
0.3,0.03396975554262596,0.039923830299435505
0.32999999999999996,0.03981994261536433,0.05239551826784285
0.36,0.04698335697371284,0.06630735356864928
0.39,0.054453993213191096,0.08065888874494434
0.42,0.062363468515454455,0.09545372607033802
0.44999999999999996,0.07019929676476798,0.10995579158301544
0.48,0.0780725651074833,0.12212100313668052
0.51,0.08512211579888873,0.13152284890243265
0.54,0.09190626053487325,0.13936652538932856
0.57,0.0993349319434814,0.1455261475012314
0.6,0.1080600389493139,0.14999451693144247
0.63,0.11848342940900014,0.15280314893644653
0.6599999999999999,0.13044833097904676,0.15430933179138384
0.69,0.14323858157040867,0.15410241883823736
0.72,0.1570311824704264,0.1525280663789053
0.75,0.17193696765356145,0.1495356540121225
0.78,0.18769950166987212,0.1451943125585085
0.8099999999999999,0.20589418358309478,0.14114884948708156
0.84,0.22054838327225432,0.13674507353795645
0.87,0.2393111930545912,0.1323035440518788
0.8999999999999999,0.2581806229097497,0.1288608322888403
0.9299999999999999,0.2757170768571211,0.12684813149124685
0.96,0.29271170351376613,0.12622165959798176
0.99,0.31006395418240296,0.12697797262089283
1.02,0.32775577358452307,0.1298618708366031
1.05,0.3468282774436356,0.13415294750070034
1.08,0.3666480025249792,0.13989831557703902
1.1099999999999999,0.3876361740223444,0.1477039687458663
1.14,0.4100820582894897,0.15774108564472172
1.17,0.4343166074153598,0.16905043549834686
1.2,0.461252747929225,0.18174915740735126
1.23,0.48975023284023345,0.194306562040635
1.26,0.5173408604111904,0.20805568533636
1.29,0.5443862532728155,0.22181865896053188
1.3199999999999998,0.5692954275525621,0.23264051935777377
1.3499999999999999,0.5900649255638768,0.2404758402928393
1.38,0.6088309711255833,0.24705029205500265
1.41,0.6261029539746628,0.2521918650215
1.44,0.641943333913587,0.2557542378301294
1.47,0.6567605013386848,0.25811314472107905
1.5,0.6718282639611924,0.2588844980284178
1.53,0.6877398075994873,0.2583289678363292
1.56,0.7038127528367483,0.25611355797996727
1.5899999999999999,0.7207478450196108,0.25215801466688464
1.6199999999999999,0.7385363911007687,0.24723269561144476
1.65,0.7553231522084721,0.2417751969945527
1.68,0.7705240826471326,0.23336250241896353
1.71,0.7881673995086631,0.22508768737058962
1.74,0.8038871947913467,0.21647360178569677
1.77,0.8182337552211244,0.20856184845757864
1.7999999999999998,0.8315674197272971,0.20297829954459973
1.8299999999999998,0.8441373721948482,0.19889204752323522
1.8599999999999999,0.8588870606445477,0.196047159797683
1.89,0.8745324437712078,0.19474796526967353
1.92,0.8905212344065314,0.1950452670690627
1.95,0.9071017154574056,0.1970169646249154
1.98,0.9245207029329132,0.20029478129885042
2.01,0.9431853225670283,0.20456655845114696
2.04,0.9633253515846941,0.2099751546703029
2.07,0.9845393528496889,0.21500947997454004
2.1,1.0050692537328143,0.22043638194009815
2.13,1.0255969590065523,0.22623431534037514
2.16,1.0466409875066942,0.23069391785028484
2.19,1.0657336822369015,0.23348457132614783
2.2199999999999998,1.0823826754315813,0.23498073924141363
2.25,1.0989247095463432,0.23459091748932118
2.28,1.115456458253575,0.23253511582890998
2.31,1.1321383674268273,0.2289842923829233
2.34,1.1489296067617558,0.2237189291924585
2.37,1.1663488338642296,0.21749183838158465
2.4,1.1844961950190265,0.21044360973476417
2.4299999999999997,1.2029481553483559,0.20213802264367098
2.46,1.222819619871039,0.1923001936153853
2.4899999999999998,1.2429086587072466,0.18080765735080537
2.52,1.2606463331044273,0.16809657840809192
2.55,1.2815213781469927,0.15486930688881897
2.58,1.3023466366236565,0.14275959107650085
2.61,1.3208892614421253,0.13262915281794405
2.6399999999999997,1.338104495642241,0.12400354969747028
2.67,1.3554017300969639,0.11678243030708048
2.6999999999999997,1.3737288540615762,0.11128511735830734
2.73,1.3922670827619428,0.106881368184831
2.76,1.4112440218201006,0.10360459513016407
2.79,1.4311850879360266,0.10132132514702
2.82,1.4507199058995361,0.10004917618158554
2.85,1.4716242665158983,0.09974883342705675
2.88,1.4939587967873276,0.09981639317148254
2.9099999999999997,1.5172191872430747,0.09964436366791686
2.94,1.5418344959463643,0.09895706777183834
2.9699999999999998,1.5667106715709544,0.09918810686740256
3.0,1.5893021535479248,0.09919705969506001
3.03,1.6100876988580586,0.09863119116128484
3.06,1.6281493902212358,0.09732975206300395
3.09,1.6436368193029558,0.09520471512948481
3.12,1.6579123637052264,0.0923300604171187
3.15,1.6711240739072424,0.08831882439065714
3.1799999999999997,1.6845775074715474,0.08338264783599356
3.21,1.698396399658508,0.07821318283762377
3.2399999999999998,1.712345529365563,0.07194318412082078
3.27,1.7254988052099882,0.06389042902700777
3.3,1.7380132626414952,0.053994371517106184
3.33,1.750514364664996,0.043474586283523305
3.36,1.7606818050952258,0.0325424073978194
3.3899999999999997,1.7749391295496082,0.021179355248978505
3.42,1.790391823616251,0.010720854069891463
3.4499999999999997,1.8052980887277732,0.0018534464064511717
3.48,1.8195264234128092,-0.005233300994925524
3.51,1.833736947880662,-0.010395145223195044
3.54,1.848872234019313,-0.01352362701968603
3.57,1.8649854352175292,-0.014898034752308668
3.5999999999999996,1.8822550957286008,-0.014501741118842129
3.63,1.9015112952370627,-0.011714664512187447
3.6599999999999997,1.9221808877215443,-0.007611589030333334
3.69,1.944628403413948,-0.0024299949342332476
3.7199999999999998,1.9692662939233723,0.004347041003406237
3.75,1.9953063179934476,0.010870769864446388
3.78,2.021301334737137,0.01867904553172641
3.81,2.0459195735641784,0.026660789815538224
3.84,2.069163325650666,0.03180388138678023
3.8699999999999997,2.089085030093385,0.03449122169040522
3.9,2.106748960375396,0.03588371361966617
3.9299999999999997,2.1217587980672437,0.036012620927037386
3.96,2.134857375342899,0.0353085816576533
3.9899999999999998,2.1476916492510143,0.03354497940899971
4.02,2.1606698644051567,0.030418905007610395
4.05,2.174398913092988,0.02552507263076949
4.08,2.1889148883664893,0.018362493818733776
4.109999999999999,2.2036697451916942,0.008929449972721843
4.14,2.218350199776966,-0.002295646015976508
4.17,2.2315396431982313,-0.013413631831732033
4.2,2.2449272208590534,-0.027257158601193137
4.2299999999999995,2.25937528994892,-0.04100516726146101
4.26,2.272954433553743,-0.05298895232028347
4.29,2.2851666909452386,-0.06262019933491816
4.32,2.296977914991168,-0.07024593937329648
4.35,2.3085921857215403,-0.07572890337619509
4.38,2.32162133636552,-0.07930136377105604
4.41,2.3370095160549282,-0.08085935144876023
4.4399999999999995,2.353144291908419,-0.08049958096191527
4.47,2.370480058326075,-0.07802326658702133
4.5,2.3894052704073103,-0.07365165265405796
4.53,2.409611805238316,-0.0677381120156236
4.56,2.431575424389107,-0.06009292110494809
4.59,2.4547911138075524,-0.0523665227176603
4.62,2.478319309800168,-0.043698445495248886
4.6499999999999995,2.5005777140023264,-0.034459129568913185
4.68,2.5212142233525365,-0.02824538518143182
4.71,2.538296251421295,-0.02424748709132248
4.74,2.5532368950439146,-0.020346895133902042
4.77,2.566746313538919,-0.017090338532099313
4.8,2.578865240988092,-0.014488346972919713
4.83,2.590675200005427,-0.012906477096528375
4.859999999999999,2.602863035336731,-0.012413839008650528
4.89,2.616087891348449,-0.012774661135687782
4.92,2.6294535899778007,-0.014721297031001584
4.95,2.6436480836084826,-0.01813509978928022
4.9799999999999995,2.657293799054592,-0.02182935435909893
5.01,2.669970452777493,-0.026247004843708222
5.04,2.680823573566965,-0.032738028172238615
5.069999999999999,2.6967606324400486,-0.037229510430110274
5.1,2.713843704711166,-0.03976039697734844
5.13,2.7298772976974304,-0.04034704003059526
5.16,2.7447384017819854,-0.03892522990469288
5.1899999999999995,2.759401729017852,-0.035634208630868795
5.22,2.7755746608092284,-0.031054677920863187
5.25,2.7915340935145507,-0.024119891159939268
5.279999999999999,2.8086306505050027,-0.014186878595780574
5.31,2.826524926716892,-0.001825827887450565
5.34,2.8462799153725884,0.012505176235582364
5.37,2.868358870982514,0.02902870670099694
5.3999999999999995,2.891425525747079,0.046922283430264944
5.43,2.9128011987873275,0.06496117397136844
5.46,2.934612295894023,0.08155031452096782
5.49,2.9549831297045093,0.09580530125492462
5.52,2.9716849163460872,0.10783034918192234
5.55,2.988186170189807,0.11760909784520902
5.58,3.0045892526915043,0.12486837998004262
5.609999999999999,3.019496355021974,0.12992570131369233
5.64,3.0342460949432,0.1334826539796386
5.67,3.048803655689438,0.13579416944370798
5.7,3.0636303561818488,0.13682603667299353
5.7299999999999995,3.0795832248230806,0.13752564020755118
5.76,3.0957815999762905,0.1362324311222018
5.79,3.1129688893859173,0.1333107918780137
5.819999999999999,3.130809587691317,0.12961779431540832
5.85,3.15034640473879,0.1258943587598789
5.88,3.1691849532140353,0.12046239382414775
5.91,3.190244494507843,0.11477558726328439
5.9399999999999995,3.211241779559544,0.11044287292014413
5.97,3.231059697790062,0.10793713391449396
6.0,3.249062795428317,0.1072640060484777
6.029999999999999,3.266738638741203,0.10771402617270405
6.06,3.285440789526898,0.11004114914675416
6.09,3.3041832789419265,0.11434353646319532
6.12,3.322231293068921,0.12050722235088189
6.1499999999999995,3.3416618582432194,0.1285133398702567
6.18,3.3624874684508987,0.13780990811371022
6.21,3.3845916314525404,0.14833845952478766
6.24,3.4079532013407947,0.16055559986683166
6.27,3.4332819353388713,0.17276417347956155
6.3,3.457848990927705,0.18595901283518348
6.33,3.4813229555815814,0.19923707561457984
6.359999999999999,3.5030631936120664,0.21005346848826573
6.39,3.5228778690518903,0.21864576552906145
6.42,3.541719200713639,0.22476259672412705
6.45,3.5585898613364524,0.2287947990320992
6.4799999999999995,3.574579549304099,0.2316659226248942
6.51,3.590895638844952,0.23362121196940708
6.54,3.607365715416,0.2347550224086717
6.569999999999999,3.623880539040175,0.2347418238946635
6.6,3.6408889574556556,0.23399449756863114
6.63,3.6587889259657276,0.2322330150572081
6.66,3.6776665318428208,0.23040788057258185
6.6899999999999995,3.6971286338424934,0.22724429906689148
6.72,3.7155197972246503,0.22081221897756675
6.75,3.7365792751161173,0.2161551514089866
6.779999999999999,3.75901149033591,0.21293250721137563
6.81,3.7807476450155915,0.21105314952106588
6.84,3.8008244087093743,0.21034297411481423
6.87,3.819208302623159,0.21069823935631096
6.8999999999999995,3.8382664030905884,0.21134136908302364
6.93,3.860044271412305,0.21213665382473706
6.96,3.8829139442623744,0.21456730021418835
6.989999999999999,3.9063592197982366,0.21878265968910307
7.02,3.9299195683669406,0.22489687112245185
7.05,3.953465246386775,0.23162402938726903
7.08,3.9798979093018314,0.23868132008449372
7.109999999999999,4.008635232417277,0.24651060699111266
7.14,4.038322431104494,0.2540218146346997
7.17,4.069479302425239,0.26113686540310216
7.199999999999999,4.10252745698203,0.2674900204487574
7.2299999999999995,4.137207883824461,0.27029081227873974
7.26,4.171581721334386,0.27022536552402476
7.29,4.2069969848797,0.2661556838310409
7.319999999999999,4.244102585098216,0.26044511809351
7.35,4.282629999905345,0.2512900512723749
7.38,4.321987822657644,0.23739406134955152
7.41,4.36327040260911,0.22059054957592356
7.4399999999999995,4.40580300533995,0.203467131809252
7.47,4.450686515702716,0.1854934925649212
7.5,4.499123905478056,0.1655874425705517
7.529999999999999,4.5484735595016215,0.1488208270450533
7.56,4.6013367513165235,0.13001290397375737
7.59,4.6593984036020695,0.10731268482048291
7.62,4.719507768348599,0.08324816114775287
0.03,0.0015355517346297572,0.0004383646899338133
0.06,0.003355232232422754,0.001085778121564608
0.09,0.005836684084083803,0.0013072565809846767
0.12,0.008717971834337469,0.001406065893153446
0.15,0.01064619952172757,0.003217913291959344
0.18,0.01370762443378121,0.005555544750376525
0.21,0.01739308132881398,0.009950227936385536
0.24,0.02193223405316809,0.016200060242143634
0.27,0.027715874356913556,0.02450145153829727
0.3,0.033991275687810296,0.03506182641402924
0.32999999999999996,0.040079521432786556,0.04770954131537604
0.36,0.045394167043579965,0.061863934943936646
0.39,0.052156101773866814,0.07706803580834662
0.42,0.06090190577125098,0.09308356766040275
0.44999999999999996,0.06844471672522992,0.10824439925637779
0.48,0.07437801929135018,0.12181635295181019
0.51,0.08022783888701819,0.13276075876809385
0.54,0.08631610937623421,0.14150784464810084
0.57,0.0923658560305098,0.14766517305967813
0.6,0.09876167259743475,0.1504716570548979
0.63,0.1058221845916832,0.15097881722555218
0.6599999999999999,0.11323675167511037,0.14942946284383868
0.69,0.12251357169785912,0.14653966751315461
0.72,0.13161733163243985,0.14171684723326083
0.75,0.14268607991377621,0.13482015128643016
0.78,0.15369146140012493,0.12604252625679987
0.8099999999999999,0.16213666218265294,0.11561416787130295
0.84,0.17427017727115282,0.1053263870154449
0.87,0.18712421411637245,0.09659792934183677
0.8999999999999999,0.19927218659198911,0.08959885781241864
0.9299999999999999,0.21072381652206618,0.08469761376928774
0.96,0.22456555321346244,0.08141222075610687
0.99,0.23812235451251756,0.0806160990274753
1.02,0.2527023993436448,0.08145705214149727
1.05,0.26835936535549154,0.08430957528295628
1.08,0.2840483848404948,0.08954122835821526
1.1099999999999999,0.3009413946401597,0.09676490933509303
1.14,0.31925801705234785,0.10527520863054193
1.17,0.33908216163598326,0.11497493176396571
1.2,0.3614525250625977,0.12642297145446602
1.23,0.3844617314351056,0.1384632448571798
1.26,0.40602059432642823,0.15017817608930192
1.29,0.4273855534246064,0.1603687688359814
1.3199999999999998,0.4479528040810297,0.1679363370272952
1.3499999999999999,0.4663024551991327,0.17320895819830268
1.38,0.48287964503733755,0.17602688852336298
1.41,0.4982084182359667,0.17688426771986518
1.44,0.512218678284402,0.17620880767273775
1.47,0.5261943579547641,0.17452711788641617
1.5,0.5412622499441205,0.17216864093012027
1.53,0.5567081618750361,0.1675590329357555
1.56,0.5734525864900707,0.1604920426170899
1.5899999999999999,0.5912135063046319,0.15075220795051167
1.6199999999999999,0.6099467274254626,0.13904463685221202
1.65,0.6287861028012739,0.12642243103546513
1.68,0.6467259026393439,0.11234762450225612
1.71,0.6656386931058971,0.09857318966469156
1.74,0.6839042088829332,0.08690608099504836
1.77,0.7005500366701487,0.07822872299864768
1.7999999999999998,0.7162281067676911,0.07248268249460525
1.8299999999999998,0.7312764237529983,0.06899434708299902
1.8599999999999999,0.747643771591821,0.06701777667878281
1.89,0.765267803406878,0.06827678549294863
1.92,0.7845593324123098,0.07155584268649125
1.95,0.804570879359433,0.07694693878735262
1.98,0.8251903366084888,0.08410301779679391
2.01,0.8464317364529237,0.09314696589200734
2.04,0.8696533054264638,0.10354489187275503
2.07,0.894650877950087,0.11376585804928584
2.1,0.9191319004428051,0.1254018219295881
2.13,0.9428955354957121,0.13737530562872913
2.16,0.9658741943531781,0.1467855784373785
2.19,0.9866959707720747,0.1535595375552333
2.2199999999999998,1.005961966331504,0.15902577372335555
2.25,1.0240532813530354,0.16231261026398103
2.28,1.0411993058782198,0.16406671984811888
2.31,1.0580332709725142,0.16441363748390364
2.34,1.0749831455889292,0.16333700854399896
2.37,1.092505338658232,0.161247283569235
2.4,1.1101658582542189,0.1577587343045355
2.4299999999999997,1.128516438981683,0.15284625229098558
2.46,1.1480000652161533,0.1464083679863463
2.4899999999999998,1.168831163735386,0.13917823421118528
2.52,1.186374339357074,0.1315643155486792
2.55,1.2074641533510668,0.12453801289958914
2.58,1.2282225841381829,0.11918953336652388
2.61,1.2472387667656264,0.11556713117199711
2.6399999999999997,1.2644839103652639,0.11384026836599372
2.67,1.2813788026035737,0.11385120674721182
2.6999999999999997,1.29868136576575,0.115963449524001
2.73,1.315795430077199,0.11984919801097688
2.76,1.3333839117443238,0.12538083396157537
2.79,1.352260925468848,0.13318272956648455
2.82,1.3721907902090404,0.14274917364519119
2.85,1.3932223634565997,0.15391393768920272
2.88,1.416478114682025,0.1672335451299843
2.9099999999999997,1.4409030396998315,0.18067571608279245
2.94,1.4641225402031062,0.19437839911994442
2.9699999999999998,1.4864723139525717,0.2079883776904028
3.0,1.5071245373699,0.21889483062829945
3.03,1.5252506960837016,0.22687735294287342
3.06,1.5422859141272844,0.23320837520197443
3.09,1.557627577775415,0.23818762763778611
3.12,1.5718820145902253,0.2414042564769571
3.15,1.5866044813892253,0.24313556395363511
3.1799999999999997,1.6014431335663983,0.24287357515459676
3.21,1.6169658065670394,0.24158830558226235
3.2399999999999998,1.6330523308952147,0.238839460012685
3.27,1.6491863909664484,0.234540557524274
3.3,1.6666432967768854,0.23010710624469252
3.33,1.682858052544797,0.22546681294131135
3.36,1.6983439020906481,0.2187221829534722
3.3899999999999997,1.7146041432272252,0.21061423504415122
3.42,1.729497249818045,0.20305609378244313
3.4499999999999997,1.7432784056160797,0.1968704185081033
3.48,1.7571275271235431,0.19193687521293015
3.51,1.7704074697796344,0.18905884974918172
3.54,1.7837517928533602,0.1879397117620038
3.57,1.7990838070684776,0.1881117091138755
3.5999999999999996,1.8152795594053739,0.19007183315967907
3.63,1.8332783112727407,0.19331939404679366
3.6599999999999997,1.8521869408769602,0.1979683292954182
3.69,1.8720514236537418,0.20322662516879952
3.7199999999999998,1.8934579066932933,0.2099011304659061
3.75,1.9164964149349153,0.21676694781617126
3.78,1.9397333553837608,0.22356750411389234
3.81,1.9621293396013655,0.23029030689640143
3.84,1.9842270578197387,0.23521892209700238
3.8699999999999997,2.0046624811803917,0.2375962427408102
3.9,2.0227337701167207,0.23777708480555826
3.9299999999999997,2.0398790002898863,0.2358287037697667
3.96,2.0554226630449617,0.2315549749042171
3.9899999999999998,2.0702958620744063,0.22567140027618285
4.02,2.085084308864329,0.21813010697496293
4.05,2.100522707224175,0.20875004350992973
4.08,2.116564933788201,0.19753355563761768
4.109999999999999,2.1328507974068067,0.18462841128043406
4.14,2.1495913027128872,0.16982014616143692
4.17,2.1656433466600773,0.15324819588388872
4.2,2.1807428948558334,0.135548012250175
4.2299999999999995,2.196306912486355,0.1184402602897589
4.26,2.20972198383758,0.1037978954368959
4.29,2.22251832613695,0.09159604372669022
4.32,2.235886896058501,0.08143590521521751
4.35,2.249627944972374,0.07306048565666685
4.38,2.264089505025262,0.06558642454477764
4.41,2.280019760709941,0.060195825949074334
4.4399999999999995,2.2980347907963767,0.05650172341051235
4.47,2.316972503288544,0.05401806106562502
4.5,2.3365117464494474,0.052896418201702114
4.53,2.357060887177272,0.05264402594404992
4.56,2.3787143811456724,0.053783181594314756
4.59,2.402008536710206,0.05560619043609102
4.62,2.42600491934703,0.05595549196178895
4.6499999999999995,2.4496232415228243,0.057562962758144404
4.68,2.472100893511042,0.059124860462406545
4.71,2.4925866501576226,0.05851482258421421
4.74,2.5094717178000274,0.05613321068997729
4.77,2.525267569168878,0.05294157717693956
4.8,2.541471831127721,0.04860451243427859
4.83,2.5568493995783674,0.043177895512601344
4.859999999999999,2.5716717098998494,0.03662278296204477
4.89,2.5870052917567725,0.028637629723054697
4.92,2.6024485586922514,0.018979481850328703
4.95,2.6189976337083927,0.007535293380832047
4.9799999999999995,2.63573149823272,-0.005503976627059274
5.01,2.6524853910149853,-0.019671205303821365
5.04,2.666901709946317,-0.035777849003482846
5.069999999999999,2.68325627746666,-0.05319285408560255
5.1,2.6960928225751677,-0.07026644104177479
5.13,2.7091214416904275,-0.08722850195136138
5.16,2.7198515164968904,-0.10307196786815355
5.1899999999999995,2.7305613784416,-0.11727672989968042
5.22,2.7416303263704758,-0.1297783103373459
5.25,2.7530978800147032,-0.13988384308026294
5.279999999999999,2.765808029473896,-0.150909742821638
5.31,2.778741570312782,-0.16092943387544098
5.34,2.7922558654993956,-0.16837621186139484
5.37,2.8067463536629917,-0.17570853532830452
5.3999999999999995,2.822256100124299,-0.18300632660067273
5.43,2.8379669078628376,-0.19005501458122212
5.46,2.855237869542251,-0.1966209475820411
5.49,2.873093162926479,-0.20375871379923752
5.52,2.8915219220442814,-0.2111970443403615
5.55,2.910089331383672,-0.21962929778611603
5.58,2.9278162702692545,-0.2291887707914792
5.609999999999999,2.9447903336215395,-0.2377104674881923
5.64,2.9622472264095063,-0.24892103592782222
5.67,2.9786454645239813,-0.2618364183259617
5.7,2.9917621424368868,-0.2760483785042606
5.7299999999999995,3.0045383972983104,-0.2945229612712061
5.76,3.0155807633705147,-0.3149143804365588
5.79,3.0271602246459572,-0.33681328287365775
5.819999999999999,3.0395988366452746,-0.35988082134396077
5.85,3.051181676173956,-0.3855241757336371
5.88,3.065480559443136,-0.4140129388854052
5.91,3.0821676157322555,-0.44199350611676536
5.9399999999999995,3.1005572033232323,-0.4706392898165431
5.97,3.1216485245385917,-0.5002353606705612
6.0,3.145600040497438,-0.5301927096924607
6.029999999999999,3.1732334308424424,-0.5622970968943172
6.06,3.204367491720677,-0.5970955484111624
6.09,3.2386894969611832,-0.6356077835686958
6.12,3.27741397615303,-0.6777046134216735
6.1499999999999995,3.3203828397750192,-0.7226044626279189
6.18,3.364972895923901,-0.7712692948088504
6.21,3.4107568783664046,-0.8225528061641719
0.03,0.0018166365034616556,-0.0004087150560770927
0.06,0.00363664919073765,0.00027454172397939244
0.09,0.006037140003721061,0.0008029087918434248
0.12,0.009314331573754359,0.0012752508212961469
0.15,0.01164984740298139,0.00299468013752315
0.18,0.014965120130155725,0.0054346762201130236
0.21,0.01816191643036646,0.009744746945963017
0.24,0.02179701924106429,0.01616981630947106
0.27,0.02601132940711775,0.024319154878749923
0.3,0.031111394882494366,0.034272263845364366
0.32999999999999996,0.03767256009505769,0.045792185465347954
0.36,0.04470290617384956,0.05899349256448208
0.39,0.052104374588716855,0.07312384246966791
0.42,0.059043363238396346,0.08768205665862554
0.44999999999999996,0.06634685343400915,0.1019915596616689
0.48,0.07460032209848143,0.11495544398348224
0.51,0.08149295531593993,0.12493416507586695
0.54,0.08775923826420019,0.13259632472712124
0.57,0.09408808946137766,0.13794348021942515
0.6,0.10193600090602264,0.14127065526520172
0.63,0.11155101885817066,0.1424551150256556
0.6599999999999999,0.12282025819548184,0.1416567068804296
0.69,0.1355238626001827,0.13927373140493923
0.72,0.14848583776046298,0.13494325923380598
0.75,0.1631480995419054,0.12895123127518085
0.78,0.17854569299824913,0.1222493914153736
0.8099999999999999,0.1916213506044091,0.11488425584110085
0.84,0.2087298565487296,0.10837976805939391
0.87,0.2270591058644058,0.10364227076177082
0.8999999999999999,0.24522309981327697,0.10069850111897075
0.9299999999999999,0.26309847054692487,0.09981104941136533
0.96,0.2798210516973042,0.10121295063043734
0.99,0.29718448334516817,0.10464404309560406
1.02,0.31509429768428115,0.11059121392421793
1.05,0.33350823411017755,0.11876147118827814
1.08,0.3529689943515236,0.12911931082748254
1.1099999999999999,0.37357138923781946,0.14144070251391572
1.14,0.3961272003034465,0.15570955693181188
1.17,0.4210825182861153,0.1721376394502607
1.2,0.4474328368676539,0.18831511287266783
1.23,0.4724764853100968,0.20485439711994868
1.26,0.49683601751388456,0.22115241472333383
1.29,0.5211524356663423,0.234686171285315
1.3199999999999998,0.5433651978859037,0.2451632463607965
1.3499999999999999,0.5624491545835254,0.2531676402815657
1.38,0.5803284955818764,0.25912102545076926
1.41,0.5963706602401451,0.2621854210422799
1.44,0.6120764347792522,0.26316664977570847
1.47,0.6274297952474095,0.2625768074319308
1.5,0.6425600032006605,0.26099257580596097
1.53,0.6579020990036484,0.25807632172201406
1.56,0.6733762092271272,0.25399858851852375
1.5899999999999999,0.6895847942872013,0.24822879374008672
1.6199999999999999,0.7061932225305828,0.24059092042044578
1.65,0.7244668766804306,0.23205788853126597
1.68,0.7412672013215864,0.22247001773233202
1.71,0.7602558181442605,0.2130186368629756
1.74,0.7800208223430984,0.20424558215107252
1.77,0.7989917007264693,0.196929135782531
1.7999999999999998,0.8170174934777459,0.19217608542046066
1.8299999999999998,0.8342187789596479,0.18903538040242948
1.8599999999999999,0.8531384056597136,0.1876502986489781
1.89,0.8722223570281168,0.18835501266491647
1.92,0.8919381556832011,0.1904795414296989
1.95,0.9126756163390057,0.19429180330933343
1.98,0.9345837266037696,0.19958893392980015
2.01,0.9578800601020313,0.20640837684389668
2.04,0.9838100076501789,0.21447078903981404
2.07,1.011504488824466,0.222601273493546
2.1,1.0391987164899628,0.23106188303515215
2.13,1.0650737896791296,0.23953212685826847
2.16,1.089030849407522,0.2468009567708094
2.19,1.1105784487034562,0.252212062697579
2.2199999999999998,1.128554243408382,0.2562342394649483
2.25,1.143929274226277,0.2593152858403665
2.28,1.1580757493812301,0.2612535674916305
2.31,1.1720110028615927,0.2622507730346927
2.34,1.186381589090547,0.26166994105752184
2.37,1.2010930759684832,0.2592266983387388
2.4,1.2160567336269053,0.2553682634477698
2.4299999999999997,1.2311863682704516,0.2500192515711535
2.46,1.2462381144033206,0.24372190263149773
2.4899999999999998,1.2612755868958783,0.2371023620724549
2.52,1.2750638801657759,0.2279591752715381
2.55,1.2903145681542274,0.21904503211433987
2.58,1.3034473528176176,0.2107648204639084
2.61,1.3175298436216585,0.2034179676917084
2.6399999999999997,1.3310182797709385,0.19917822371935887
2.67,1.3456005696727311,0.19549703610507455
2.6999999999999997,1.3616235514283348,0.19249123898309298
2.73,1.3781277735885096,0.19083254928760823
2.76,1.3956680439317457,0.19204520014183882
2.79,1.4132242092190785,0.19582382410540608
2.82,1.4305490955097873,0.20126999031312126
2.85,1.4499401299969632,0.20922117868057724
2.88,1.4716252042872493,0.21668502390299343
2.9099999999999997,1.4948110847992777,0.2243869085162138
2.94,1.5195849601141365,0.2321720969480282
2.9699999999999998,1.5457363791990464,0.23880189948847147
3.0,1.5707504681402942,0.24430141956202966
3.03,1.5943452004344032,0.24771699062101926
3.06,1.6175463885466794,0.24732070564605577
3.09,1.639892632327309,0.24471916508043923
3.12,1.661426515151081,0.2405449988643547
3.15,1.6843523375168798,0.23379842533312178
3.1799999999999997,1.707715446512809,0.2250076109159205
3.21,1.73107457821388,0.21412652550636108
3.2399999999999998,1.756740047452576,0.20058200295953052
3.27,1.7837842366642234,0.18534858051490363
3.3,1.8125174416873986,0.1680179243883002
3.33,1.8407393956211082,0.14928788239448418
3.36,1.8699735944504314,0.13146361807230567
3.3899999999999997,1.898793634479008,0.11732650044755459
3.42,1.9249807291128078,0.10732922896942002
3.4499999999999997,1.951125288026872,0.10059512170504163
3.48,1.976726915329365,0.09733344664899507
3.51,2.0027208255975126,0.10101030721618194
3.54,2.0296076878458313,0.10684080267101002
3.57,2.0583136408789495,0.1138135044294089
3.5999999999999996,2.090401862557206,0.122946264612591
3.63,2.125879438389042,0.1336405208788364
3.6599999999999997,2.1637488502283717,0.1450038714226719
3.69,2.202654821816182,0.15738467285926547
3.7199999999999998,2.239334148338094,0.1716083533399129
3.75,2.2737471876181803,0.1876712806008567
3.78,2.306365742710008,0.2034402774808154
3.81,2.33479166528086,0.21993019733652303
3.84,2.358380127899798,0.2363530564344432
3.8699999999999997,2.374932586660489,0.25143330938817443
3.9,2.389338612683098,0.2672648214070695
3.9299999999999997,2.402001063865657,0.28289094930027603
3.96,2.4121689405381144,0.2983762659473394
3.9899999999999998,2.4213566444946593,0.31416670605081937
4.02,2.4300480556271915,0.3299078357685211
4.05,2.438666526436005,0.3456838642141018
4.08,2.446264420358707,0.3625311573584982
4.109999999999999,2.4532418032060304,0.3812363422749256
4.14,2.4593692303952865,0.4006210972183292
4.17,2.4630746717096,0.41945900467467306
4.2,2.465140332049364,0.4389679556571971
4.2299999999999995,2.466901480633818,0.4612789952331238
4.26,2.464253544575605,0.48642548100570443
4.29,2.46302782863573,0.5153880415049852
4.32,2.4584856764452954,0.5479165167006089
4.35,2.4524392327309097,0.5814283047642509
4.38,2.448930390587225,0.6191736525993843
4.41,2.441519869178423,0.657676095860681
4.4399999999999995,2.4337074327990766,0.6956230692215488
4.47,2.423923279356095,0.7367044269043306
4.5,2.416802738602002,0.7799873829437292
4.53,2.407377739305674,0.8246293278214779
4.56,2.3967094072260373,0.869473911596113
4.59,2.3822688412865207,0.9175426069465222
4.62,2.370772200829214,0.9668311057919446
0.03,0.0019721474493534074,0.00019768245672154304
0.06,0.005431115867410971,0.0005240364164988082
0.09,0.007170468354906271,0.00047959834091012145
0.12,0.009788701325807257,-0.0003699250308094914
0.15,0.012603959687417713,-0.001477793894738609
0.18,0.015607625008808768,-0.0037599840379785305
0.21,0.019094499674258983,-0.007540858264920831
0.24,0.022879412473188622,-0.012656518240131347
0.27,0.028475615381241978,-0.019198955374480107
0.3,0.03500691453878233,-0.02688811522992907
0.32999999999999996,0.042802304360704764,-0.03521173542131513
0.36,0.050161287857667505,-0.04543867246041113
0.39,0.05945185015221898,-0.05649590468448818
0.42,0.06543515210098348,-0.06850506154118903
0.44999999999999996,0.07674892280537077,-0.08031035169660165
0.48,0.08922325955992988,-0.09127812085669364
0.51,0.10066589193160239,-0.09998257935584957
0.54,0.11157447724824986,-0.10654375616507676
0.57,0.12258230908378695,-0.11149728095793672
0.6,0.13545848307088443,-0.11443341699705956
0.63,0.14916366086567706,-0.1153593260562709
0.6599999999999999,0.1640204349832603,-0.11416977843991133
0.69,0.18112275666429736,-0.11027678176444765
0.72,0.20050212958562658,-0.10372852181738261
0.75,0.22247932979558938,-0.09575934761665462
0.78,0.2468970066369478,-0.08763045349487546
0.8099999999999999,0.2712433513259211,-0.07904975380352595
0.84,0.29530226757613637,-0.07040160819013253
0.87,0.31933373131251,-0.0631627836789064
0.8999999999999999,0.34194726613468046,-0.05719956894249239
0.9299999999999999,0.36254959479168963,-0.05239788754941204
0.96,0.3810069232761475,-0.05019926576986878
0.99,0.398024400049474,-0.04982951925065744
1.02,0.41349768276944565,-0.050896221100130826
1.05,0.4297571755174611,-0.05321781313439468
1.08,0.44645509518503956,-0.056644913566140084
1.1099999999999999,0.4635053843491906,-0.061821289499472
1.14,0.48110650767255086,-0.06820415297620941
1.17,0.49931932561413017,-0.07567161289290589
1.2,0.5182496713704599,-0.08483485544611226
1.23,0.5380456321841319,-0.09408096251932456
1.26,0.5562365057098874,-0.10427817890835703
1.29,0.5753118222808676,-0.11628482846050887
1.3199999999999998,0.5942284756090453,-0.1259770979809913
1.3499999999999999,0.6113156413857365,-0.13276716674706618
1.38,0.6274626366935941,-0.13588775257090593
1.41,0.6425928871620586,-0.13546950137194114
1.44,0.6598069684846172,-0.13373488626980795
1.47,0.6793844201970217,-0.13001561343688334
1.5,0.7010702936335552,-0.12457761462841418
1.53,0.7239053524567277,-0.11722261123417234
1.56,0.7474534233738928,-0.1080921534171241
1.5899999999999999,0.7724768006722392,-0.09706861382927019
1.6199999999999999,0.799923128743209,-0.08434494956810126
1.65,0.8284439498333015,-0.07104424509784087
1.68,0.8568386031746299,-0.05784599677071897
1.71,0.883162333192686,-0.044570367605045784
1.74,0.9066260399410875,-0.03348079603786859
1.77,0.9270246332104153,-0.024940104161008773
1.7999999999999998,0.9461056831991169,-0.017751766309098718
1.8299999999999998,0.9646543492095512,-0.01212341363352496
1.8599999999999999,0.9823547131327521,-0.007392533075243524
1.89,0.9991433973135424,-0.0034972537626169137
1.92,1.0166818820017203,-0.0010529029155591737
1.95,1.0349834510570768,0.00042835837313364973
1.98,1.0537356507017983,0.00038075793502213016
2.01,1.0730016206825745,-0.0010947712373400621
2.04,1.0935446754416684,-0.0019172549377973426
2.07,1.1137399514099868,-0.0031214172766569582
2.1,1.131987910875607,-0.006741711462752492
2.13,1.1544439703835578,-0.010064789520401596
2.16,1.1771789471634526,-0.011861253616470568
2.19,1.199418471420449,-0.011831195404188137
2.2199999999999998,1.219636530188631,-0.01044494247143315
2.25,1.2381481804480725,-0.007659429726478732
2.28,1.2575668706931942,-0.0026972546508202545
2.31,1.2775031988178436,0.0033975695065069445
2.34,1.2989660790008613,0.010898084869525997
2.37,1.321590966027276,0.02031347500211415
2.4,1.3448536480991984,0.03190678720527885
2.4299999999999997,1.369662007711103,0.04483421515760386
2.46,1.3958584538148355,0.05828011847870919
2.4899999999999998,1.4220711722249149,0.07191533316862658
2.52,1.4483422995801263,0.08508847490738365
2.55,1.4755404860234784,0.09662221704198579
2.58,1.5024219350045016,0.10492592954181393
2.61,1.5286737892184656,0.11045014984468966
2.6399999999999997,1.5542980724267976,0.11383113306313442
2.67,1.5797185915804477,0.11405115324031281
2.6999999999999997,1.6055140983501042,0.11107742202723322
2.73,1.6321729057127412,0.10547252852165945
2.76,1.6611705550607216,0.09813507142456655
2.79,1.6915875334456973,0.087609004419995
2.82,1.723649679059306,0.0748606434671472
2.85,1.7572906146145286,0.06070351219030098
2.88,1.7920625618865698,0.04407000553187052
2.9099999999999997,1.8277769490103477,0.026610592183935092
2.94,1.8606773698049741,0.012299190308333213
2.9699999999999998,1.8910387779919486,-0.0009729952166830561
3.0,1.9209980486994358,-0.013285388396927314
3.03,1.952027399386798,-0.02342350365377796
3.06,1.984928768828623,-0.03221168336307388
3.09,2.018648335507352,-0.039914111152692
3.12,2.0525755178384477,-0.04601111706077016
3.15,2.087479784585824,-0.050976039791275025
3.1799999999999997,2.122952374680039,-0.05491072433334566
3.21,2.160030589604054,-0.05821053728153738
3.2399999999999998,2.199114281333086,-0.06042117242872157
3.27,2.2405585470158673,-0.06245791733359335
3.3,2.284481000984977,-0.0641029583005282
3.33,2.3315589542489437,-0.06511747593451656
3.36,2.381396039733797,-0.06770254374569992
3.3899999999999997,2.42845263645114,-0.07147899974591182
3.42,2.474071866105274,-0.07640388446096721
3.4499999999999997,2.5200755025328396,-0.08429421840800161
3.48,2.5671507966183866,-0.09348016932480074
3.51,2.612280808944655,-0.1050435590994646
3.54,2.653746368086571,-0.11867714504541785
3.57,2.6939532645383246,-0.13609970264440904
3.5999999999999996,2.733969262896968,-0.15611610036440499
3.63,2.7784156746184503,-0.178370284346733
3.6599999999999997,2.8239527824204442,-0.20138093079264852
3.69,2.8714460996679496,-0.22667769168860216
3.7199999999999998,2.92015215098132,-0.2547709682057116
3.75,2.9713791422209663,-0.2866091831298155
3.78,3.0257397407953532,-0.3223210934407525
3.81,3.0807440635987784,-0.3604871556257802
3.84,3.1339392125752408,-0.39743947523957657
3.8699999999999997,3.1851888747919888,-0.4302074075013322
3.9,3.2365353091408027,-0.46594093493708744
3.9299999999999997,3.2877697176161202,-0.5033586390568439
3.96,3.339389012549271,-0.5331365354649312
0.03,0.0030309053707387353,2.124947819473603e-05
0.06,0.005692384990204663,0.0003099806282251203
0.09,0.007329774895441018,0.0013827198127562025
0.12,0.010066212390526139,0.0013138600925116123
0.15,0.01252074144969053,0.0003992168689386264
0.18,0.01372178059038481,-0.0029761861178562755
0.21,0.016202139305019743,-0.00815525894198162
0.24,0.019603441067223386,-0.01498051073771946
0.27,0.02469839167964522,-0.022740367705897324
0.3,0.03150577437956617,-0.03063744992942433
0.32999999999999996,0.03894591013699648,-0.039517404072938495
0.36,0.046062290295677114,-0.049297529148937445
0.39,0.05295061706156366,-0.059945598848826075
0.42,0.061348695492945124,-0.07107227467888941
0.44999999999999996,0.07097350443164116,-0.08202099223368652
0.48,0.08013997374602853,-0.09099708351888199
0.51,0.08846659103245513,-0.09760047373112866
0.54,0.09742422884619188,-0.10243289255602943
0.57,0.1055396372309714,-0.10492317137154467
0.6,0.11418569381368306,-0.10568042571277893
0.63,0.12376335193775383,-0.10415026307628351
0.6599999999999999,0.13541376797564858,-0.09988142699399366
0.69,0.14876872462377827,-0.09289265298916412
0.72,0.16277557599582368,-0.08447881674515982
0.75,0.17732185389985702,-0.07470438775563595
0.78,0.1948248868830029,-0.06252965584938072
0.8099999999999999,0.21270054369745847,-0.04953425601710086
0.84,0.2290912459410808,-0.0365542898263912
0.87,0.2448464590875893,-0.02610962651888593
0.8999999999999999,0.25959554112660455,-0.018388817286551166
0.9299999999999999,0.2735793748587586,-0.012296652844134724
0.96,0.28609281657669344,-0.008066533321242315
0.99,0.2978583830185977,-0.005179726527935187
1.02,0.3096089849188612,-0.0037357653159566712
1.05,0.32174424604556334,-0.00416448948170247
1.08,0.33436708370195045,-0.005978330760252526
1.1099999999999999,0.3480810219748192,-0.009192456538830714
1.14,0.3625034358550279,-0.014315280183977347
1.17,0.3771765625029627,-0.021551502722109424
1.2,0.3929976067546329,-0.02945113807350256
1.23,0.4083415622862245,-0.03708262752028163
1.26,0.42279466777181257,-0.04665660482260911
1.29,0.43916832737553824,-0.05812419491851578
1.3199999999999998,0.4557848829694683,-0.0677351542437144
1.3499999999999999,0.4707106591301134,-0.07548300728849373
1.38,0.4832907851956008,-0.07999631171881619
1.41,0.4938433399361283,-0.08090173502024087
1.44,0.5059555312351736,-0.08109928329054109
1.47,0.5199151142272241,-0.07999082099312019
1.5,0.5354327674059282,-0.07610219272197226
1.53,0.5526646324986915,-0.07018042844984451
1.56,0.5712721819763629,-0.06295606471322553
1.5899999999999999,0.5909031884726385,-0.05397627201333354
1.6199999999999999,0.6121546351735582,-0.04407693382820515
1.65,0.6341572687146911,-0.03395485362065825
1.68,0.6547269274339822,-0.023243321780853792
1.71,0.6736757947346692,-0.01479132893707771
1.74,0.6896169339700458,-0.009332101721854828
1.77,0.7035884015684996,-0.005246682305013607
1.7999999999999998,0.7165229841395101,-0.0032170732791800974
1.8299999999999998,0.7277198306799935,-0.0032418541671825284
1.8599999999999999,0.7375352815550076,-0.004402189451673703
1.89,0.7468824706635074,-0.006431942262362923
1.92,0.7568388856502885,-0.00978291126172572
1.95,0.7673125428428306,-0.014916456231712227
1.98,0.7778855376247077,-0.02163204443959208
2.01,0.7879365867025114,-0.030145630216898665
2.04,0.7980750040377025,-0.041121430883204114
2.07,0.8078603590361407,-0.05460958634395084
2.1,0.8157547379410364,-0.06936279443506253
2.13,0.8252171641774024,-0.08230791523397854
2.16,0.8351544495998708,-0.09299231730010529
2.19,0.8446514027334908,-0.10100013261826385
2.2199999999999998,0.8529294973292676,-0.10533376690872054
2.25,0.8603791552272357,-0.1074132339462296
2.28,0.869858852580332,-0.1079572235244419
2.31,0.8809506185013126,-0.10582596039146541
2.34,0.8926273006529918,-0.10102627166402071
2.37,0.9055546927252317,-0.09363616439535612
2.4,0.9200984392467847,-0.08406010766531377
2.4299999999999997,0.9353477556287557,-0.07311077322976957
2.46,0.9508133264283247,-0.061415641134150316
2.4899999999999998,0.965934274454646,-0.048972472341636875
2.52,0.980926789555744,-0.03638502322061425
2.55,0.9957296377185514,-0.02433003926695026
2.58,1.0085112579743678,-0.014397189834819203
2.61,1.0198893068884725,-0.007015732059986427
2.6399999999999997,1.0305250148890932,-0.0017343095418327114
2.67,1.040711807415007,0.001839722412259711
2.6999999999999997,1.0513558811115826,0.003550835387823525
2.73,1.0623014437422635,0.0032718592335736806
2.76,1.0736315196539414,0.0015989699044848137
2.79,1.0862559020654823,-0.0011327245760853863
2.82,1.0997144872679885,-0.005727893216828842
2.85,1.1153380964381479,-0.012009464436949072
2.88,1.129613045650228,-0.01874919465099049
2.9099999999999997,1.143381446760622,-0.029261790409528466
2.94,1.1585491372257353,-0.03998510578537193
2.9699999999999998,1.1735147827348527,-0.049067638904550154
3.0,1.1877532133957407,-0.056169663841744884
3.03,1.200633617489822,-0.06074695547635506
3.06,1.2138305912292333,-0.06336816804921291
3.09,1.22791655780112,-0.06439185014542825
3.12,1.2430128310524275,-0.06325247579741093
3.15,1.2591273946802661,-0.060043241586580295
3.1799999999999997,1.276257360273071,-0.05471657429515486
3.21,1.2945679646693777,-0.04748989887916912
3.2399999999999998,1.314045698926813,-0.03834832924080744
3.27,1.3348109078551063,-0.026752007297056624
3.3,1.35703044514437,-0.013928077808849009
3.33,1.3804858693365394,-0.001277865650227909
3.36,1.4046478822515671,0.012049926677604354
3.3899999999999997,1.427660438295784,0.024853177068595012
3.42,1.4496445272449636,0.03501633319189818
3.4499999999999997,1.468912933282068,0.04230475098259118
3.48,1.486926063472712,0.048090052503374794
3.51,1.5040225630342745,0.0515304666278867
3.54,1.5202603331331608,0.05335971432823893
3.57,1.5374425959443887,0.05374232936499509
3.5999999999999996,1.5546696793963932,0.05231109746632348
3.63,1.5722378724027168,0.04923847123430507
3.6599999999999997,1.5908456924934662,0.04454291892407865
3.69,1.6100958441407036,0.0381982627356088
3.7199999999999998,1.630624941920905,0.02994020888771385
3.75,1.6521879723174957,0.020272151363632175
3.78,1.6706389419834602,0.010015197014476718
3.81,1.6920590711410288,0.0001723932902703968
3.84,1.7131843355565417,-0.0076427274125312325
3.8699999999999997,1.7325612084995505,-0.012837922167388067
3.9,1.7505878399606758,-0.01586491688584979
3.9299999999999997,1.7682602400353198,-0.01772469801634452
3.96,1.7866127117274473,-0.01857878683198733
3.9899999999999998,1.8049361595929598,-0.01763198309134918
4.02,1.8235237342981945,-0.015008497123762225
4.05,1.8419387401010854,-0.010414446615629553
4.08,1.8619065587371944,-0.004724646474251754
4.109999999999999,1.8822457481736934,0.0026393754931142207
4.14,1.9033352726251407,0.01131911051565667
4.17,1.9257972225189137,0.02047019556497127
4.2,1.949313799688329,0.029572025729407127
4.2299999999999995,1.9721257422439973,0.03932736772038073
4.26,1.993845103287655,0.04872432223945456
4.29,2.013883124315041,0.056120173718064666
4.32,2.0316654483170713,0.06086487287580388
4.35,2.0490901060930113,0.06420657961484748
4.38,2.0663322174527177,0.06619509050042158
4.41,2.0832806844252354,0.06690775612343489
4.4399999999999995,2.0997594859488955,0.06620489399008778
4.47,2.1162835742549277,0.06455724873975541
4.5,2.1332359786854362,0.061990653712606814
4.53,2.1513086304712727,0.058330204932218924
4.56,2.1700703086524333,0.05314257821360562
4.59,2.1903869002543286,0.04702243963125937
4.62,2.2112035362115177,0.04051680428760071
4.6499999999999995,2.2309538250384207,0.03282061002471049
4.68,2.2502951825167896,0.024716138005741975
4.71,2.266027827119696,0.016901150611766554
4.74,2.280246816190485,0.011307474917894725
4.77,2.2927323468065506,0.008378036197286097
4.8,2.3060722381798535,0.007982875558514275
4.83,2.3222212646054907,0.00881423397747153
4.859999999999999,2.3392288971585784,0.010920289854111465
4.89,2.357490272993262,0.013841993236827636
4.92,2.376788730654189,0.018200076409553186
4.95,2.396620286204269,0.024297242953910364
4.9799999999999995,2.4173351604004556,0.0314599663674522
5.01,2.43920272180619,0.03908396499820171
5.04,2.462086410843524,0.04677745426585054
5.069999999999999,2.4836831160173434,0.05497204565856378
5.1,2.503099561988235,0.06216339854288246
5.13,2.519738735658888,0.06728462469164488
5.16,2.5344249955178872,0.07046000990860116
5.1899999999999995,2.548183602878358,0.07164426672618139
5.22,2.5616312971885193,0.07128005686876067
5.25,2.5744829511052116,0.06900666782921121
5.279999999999999,2.587399243791069,0.06524502091738589
5.31,2.6007503575137942,0.06068987561360481
5.34,2.6143996206049676,0.054911041082123774
5.37,2.627862667868542,0.04709721950150749
5.3999999999999995,2.6417352160135827,0.03784157015772909
5.43,2.655753357916736,0.027205769398706038
5.46,2.666665643737982,0.01567009287634282
5.49,2.6810445233908062,0.0041148505153511495
5.52,2.6953627440533214,-0.0064867341063111475
5.55,2.7081675727053005,-0.014936396157283047
5.58,2.720300911596168,-0.02109770932300844
5.609999999999999,2.7327439275508545,-0.02587501397868391
5.64,2.745891726349052,-0.029429566904121986
5.67,2.7594527848514625,-0.03128470163361404
5.7,2.7737042172726496,-0.030990305389404043
5.7299999999999995,2.78846668024091,-0.028675027057323176
5.76,2.804107730874905,-0.025040209759629384
5.79,2.82033834284445,-0.020194449954130767
5.819999999999999,2.8374782024597263,-0.014052205231968463
5.85,2.8566194697551537,-0.007046424511142735
5.88,2.8761596599281725,-0.0007108709297216357
5.91,2.894737395096394,0.006793898655813483
5.9399999999999995,2.9120399659430545,0.014499863738343968
5.97,2.927607543449289,0.02019897441021298
6.0,2.9405870839939916,0.024034677846472653
6.029999999999999,2.953476844179139,0.027144975183915822
6.06,2.967313793376118,0.02988317577723028
6.09,2.980265060151256,0.0316466211527248
6.12,2.9930299215056824,0.03214169162457887
6.1499999999999995,3.0071218362036425,0.03244801956405969
6.18,3.022467688357777,0.03177833617404871
6.21,3.037772132230029,0.02987866554488217
6.24,3.05398386241212,0.02750957979679284
6.27,3.0701847573785526,0.02409868386917882
6.3,3.084821041713136,0.018078842250135767
6.33,3.1028798882172417,0.013864465962135612
6.359999999999999,3.1224832963612053,0.010986548944858262
6.39,3.1409552507122727,0.009352486522508143
6.42,3.1588708367494895,0.008616689605701772
6.45,3.1760305042353507,0.008740216042196956
6.4799999999999995,3.1934572026357055,0.01000090549049501
6.51,3.2118802111115805,0.01219470410738166
6.54,3.2315128947313427,0.016795783786208787
6.569999999999999,3.2526139998254133,0.024371104392184838
6.6,3.274858849654077,0.033007621878862414
6.63,3.2997008709049815,0.04159703804870281
6.66,3.3262980048974335,0.05051586297426527
6.6899999999999995,3.3527199068987183,0.05951228345074856
6.72,3.3805412716986396,0.06855128792471418
6.75,3.40917413490127,0.07622309992373279
6.779999999999999,3.4377700579664574,0.08142614476786898
6.81,3.4653963824083194,0.08442833119414762
6.84,3.4918459667080946,0.08439975505683363
6.87,3.5183086160753247,0.08178555407179655
6.8999999999999995,3.5446038608016606,0.07673230207560063
6.93,3.5716182295408774,0.06893551419304485
6.96,3.599948421614932,0.0575420232821176
6.989999999999999,3.6296497411520994,0.043886157767603226
7.02,3.660986433449829,0.029378253039238543
7.05,3.693982565808566,0.011735556107615392
7.08,3.7278859616309172,-0.007822969057935704
7.109999999999999,3.7622309676552304,-0.02972451911273702
7.14,3.7969155085124164,-0.050593286638023496
7.17,3.829477246461556,-0.06781086922209043
7.199999999999999,3.8592633860392844,-0.08301428402599106
7.2299999999999995,3.8862257152145094,-0.09587675621695384
7.26,3.9115314388819526,-0.10510396628567285
7.29,3.935941138521301,-0.11221559161282427
7.319999999999999,3.962013732969608,-0.11649139695601621
7.35,3.989690575209201,-0.11862670273734403
7.38,4.018037378080381,-0.11872129280340012
7.41,4.047423386379808,-0.11682408000542674
7.4399999999999995,4.078094673866559,-0.11406788743888405
7.47,4.110260967900668,-0.11052766578954121
7.5,4.143776453023893,-0.10617702978602353
7.529999999999999,4.177329664006964,-0.10064240708822965
7.56,4.210893426565903,-0.095531501576754
7.59,4.244659499461957,-0.09176561531830844
7.62,4.277022180017935,-0.09039089746427331
7.6499999999999995,4.307493162957661,-0.0919018280580419
7.68,4.336496977441491,-0.09635686324983408
7.71,4.36453627497236,-0.10318676355052292
7.739999999999999,4.392283195964515,-0.11030860094689318
7.77,4.420270395668255,-0.11952942912376677
7.8,4.447034529413817,-0.13048482022215266
7.83,4.473200153628753,-0.14147186970885434
7.859999999999999,4.501803935814543,-0.1532761473840804
7.89,4.5306989786026985,-0.1638988510803585
7.92,4.559077463675691,-0.17610860089172595
7.949999999999999,4.589900370929471,-0.18854538479498234
7.9799999999999995,4.62323067994409,-0.20167825343989484
8.01,4.658426460276881,-0.21606987661903634
8.04,4.696038005736864,-0.2284642905554513
8.07,4.733984046582367,-0.2395408074937889
8.1,4.772986971566079,-0.2490671406636123
8.129999999999999,4.816404757173876,-0.25725055241394124
8.16,4.864159024795934,-0.2656930596560813
8.19,4.914978368617891,-0.2749952537969616
8.219999999999999,4.970631815304999,-0.2836998533182381
8.25,5.030905603054511,-0.29308402869068084
8.28,5.096028814692856,-0.30127979534014915
8.31,5.164293449453621,-0.31243168124801574
8.34,5.232356698115769,-0.3263407772755204
0.03,0.0016610088375569021,-0.00030917424622694444
0.06,0.003472435791420273,0.0007302215468231454
0.09,0.005720748765213813,0.0014107357852496205
0.12,0.008627500740958678,0.0025054755803471072
0.15,0.01167538640246866,0.0049007844016411665
0.18,0.014957592861929157,0.00826396722641131
0.21,0.01793760265114935,0.013521368110297105
0.24,0.021620114059076483,0.020481905305406597
0.27,0.026137271137132562,0.02896309485502435
0.3,0.03172665640581818,0.039410039157145846
0.32999999999999996,0.03809466399467984,0.0517617160626468
0.36,0.04532823048186108,0.06566787996237403
0.39,0.05231093116226481,0.08083351274877115
0.42,0.05981266576693226,0.09686550960959815
0.44999999999999996,0.06683455253789977,0.1121442615633704
0.48,0.07343969389943264,0.12513177739891326
0.51,0.0794247118124579,0.13551192773127776
0.54,0.08596654227579781,0.14422077009970286
0.57,0.09369568620349986,0.15105414737139514
0.6,0.10241197936974658,0.15504714004744263
0.63,0.11233812296918272,0.15650876250784093
0.6599999999999999,0.12229707503570475,0.15586564045226153
0.69,0.13236889232624355,0.15343351876608402
0.72,0.14386671308529284,0.15039887701405258
0.75,0.156589955475538,0.14637678518511013
0.78,0.17096557844206342,0.14054440944929047
0.8099999999999999,0.18616339089271036,0.13281730123182225
0.84,0.20172567646384268,0.12493136943228164
0.87,0.21644938650891532,0.11693375696572522
0.8999999999999999,0.23294316028607584,0.11018558744135618
0.9299999999999999,0.2480344645841574,0.1050202219836755
0.96,0.2619504484950346,0.10152421277824697
0.99,0.27428269945881856,0.10077196037048737
1.02,0.2882475013184826,0.10127986898944931
1.05,0.30300132630773574,0.1035087284569877
1.08,0.3195537460411323,0.10797188902481912
1.1099999999999999,0.33759187322774026,0.11366123078810485
1.14,0.35685181315356607,0.12002425831794489
1.17,0.37716705425762764,0.12854082867787328
1.2,0.3986358013086831,0.1383769057449607
1.23,0.42209408246012925,0.14860237252305616
1.26,0.44538786595764057,0.15951114418706727
1.29,0.4668383713607573,0.16941221355035246
1.3199999999999998,0.4871703196981401,0.17706648946597853
1.3499999999999999,0.5055239477313334,0.1822286945441623
1.38,0.5228685517524305,0.18494058627867999
1.41,0.5405142005100138,0.18558071843855353
1.44,0.5570219927781878,0.18452613277482005
1.47,0.5737765332253524,0.18209512740172
1.5,0.5906441284315348,0.17870180349856585
1.53,0.6076820081574734,0.17420227319857579
1.56,0.6250607903498133,0.16787523303846252
1.5899999999999999,0.6428787953571171,0.16021913103953422
1.6199999999999999,0.66173585812985,0.15150912863974675
1.65,0.6815434595858758,0.1415418317316967
1.68,0.6993361650433815,0.1316351054611003
1.71,0.7188424216883443,0.12186091882902512
1.74,0.7369333457457068,0.1135353234039298
1.77,0.753945883080029,0.10737599097606042
1.7999999999999998,0.7698022469134828,0.10385806627601114
1.8299999999999998,0.7870672635321168,0.1016848072643429
1.8599999999999999,0.8050450302944462,0.1015286091551041
1.89,0.8243623813833464,0.10316653004537207
1.92,0.8447460365407882,0.1062942036151178
1.95,0.8662088644784742,0.11094000779675164
1.98,0.8890599591069858,0.11785380856780657
2.01,0.9133890831964863,0.12642904021195206
2.04,0.9395689568419647,0.13597874995803844
2.07,0.9671210731222921,0.1453711702295916
2.1,0.9939498337557913,0.1560662486333785
2.13,1.0201651882382827,0.16718730819347893
2.16,1.0457944978131188,0.17649752649440603
2.19,1.0688983122714233,0.1838760275178614
2.2199999999999998,1.088844216637498,0.18980645234502866
2.25,1.1071320088592111,0.19393976518256453
2.28,1.1237131886491682,0.19670854863295828
2.31,1.1392144187220794,0.1985935090106146
2.34,1.1544349637522633,0.19926870574874533
2.37,1.1699861429880174,0.1989393011904109
2.4,1.1862900652589214,0.19718774525702634
2.4299999999999997,1.2030231260388584,0.19385902235542674
2.46,1.2201246541309843,0.1893893557423189
2.4899999999999998,1.2375444752184661,0.1842791243578345
2.52,1.2540425043581374,0.17807484492502906
2.55,1.2717801148663885,0.17030103620044626
2.58,1.2898929427828545,0.16356347661437315
2.61,1.3070948121988895,0.15832552077428708
2.6399999999999997,1.3226021959322265,0.15512652489371578
2.67,1.336366812122701,0.1549020209212234
2.6999999999999997,1.3515360417508218,0.15625197830156748
2.73,1.3669651352865393,0.15965569724821402
2.76,1.384052064785122,0.1653202259613526
2.79,1.4021657397987521,0.17295831973273657
2.82,1.4212118818252935,0.18256539591073553
2.85,1.4417868908991973,0.19456545829531322
2.88,1.4641931260925063,0.20831717836060684
2.9099999999999997,1.4872438706055107,0.22224877902199058
2.94,1.5095761569564288,0.236402211880481
2.9699999999999998,1.5301936237630245,0.24896157881726436
3.0,1.5495485601351593,0.2587923055319633
3.03,1.567316328212227,0.2654693604955721
3.06,1.583927212063961,0.26960112553764354
3.09,1.5994742470209935,0.27165874026535547
3.12,1.6146814345347136,0.2720688474501147
3.15,1.6299957216916583,0.27114311731903934
3.1799999999999997,1.645240358797796,0.26853280669071034
3.21,1.6612025617274486,0.26488643853201754
3.2399999999999998,1.6777444036183613,0.26009903771172915
3.27,1.6952238807827065,0.2536750526182904
3.3,1.713685841694459,0.24562615075165714
3.33,1.732928281236622,0.23683547975354657
3.36,1.7504473456561693,0.22618353683743936
3.3899999999999997,1.768304405847262,0.2136618145217151
3.42,1.7829138382753436,0.2029942372641785
3.4499999999999997,1.7965420419101303,0.19523183060503324
3.48,1.8100003373349638,0.19000336151491182
3.51,1.8239338129329163,0.1869894572095847
3.54,1.839147775297583,0.18584005402485199
3.57,1.854848277208905,0.18608937290300426
3.5999999999999996,1.8717853604444066,0.18778916391468448
3.63,1.8899846730157326,0.19076765966161202
3.6599999999999997,1.9092807054930216,0.195586371593712
3.69,1.9293411863555925,0.20182702393120355
3.7199999999999998,1.9504484650352618,0.20891188147103393
3.75,1.9724224335044365,0.21561413332484408
3.78,1.994062500280584,0.2234312805453697
3.81,2.0149565301900765,0.23121127957405627
3.84,2.035078911298428,0.2363893012300954
3.8699999999999997,2.0518750948178517,0.2386256960618202
3.9,2.0679626606119927,0.23965868686930691
3.9299999999999997,2.0831817971057704,0.2388770808437192
3.96,2.097970101555646,0.2355961128486786
3.9899999999999998,2.112722720547365,0.2302925978747667
4.02,2.1275153763444963,0.22296640659323116
4.05,2.1427738874025914,0.2133329707994588
4.08,2.1584703467405957,0.2010420100179638
4.109999999999999,2.174754409278422,0.18678691549673215
4.14,2.1902601267608084,0.16986599068568223
4.17,2.2053174477331954,0.150965578578154
4.2,2.2211718705068955,0.13278120151142742
4.2299999999999995,2.235691526696749,0.11704172753144904
4.26,2.249194588405808,0.10464738871578072
4.29,2.2620394256726923,0.09495187877102247
4.32,2.2753118145190316,0.08733781852152972
4.35,2.2901113383931744,0.08142931037748284
4.38,2.3059948658150318,0.0774214608784
4.41,2.322886750092823,0.07556826934864277
4.4399999999999995,2.340803641577571,0.07587906651547832
4.47,2.3594411007589744,0.07808892261397632
4.5,2.3789512938796658,0.08219754575431452
4.53,2.400058060424138,0.08761360952775048
4.56,2.4227621514030107,0.09496917096049044
4.59,2.4469623544749135,0.10215366797477977
4.62,2.4708422183754295,0.10962559625260425
4.6499999999999995,2.493686366920115,0.116840980425052
4.68,2.5157416873265332,0.1217252302242517
4.71,2.534583484985855,0.12378010135979063
4.74,2.5512939667190224,0.12505159342748348
4.77,2.5663693333818274,0.12434923358028036
4.8,2.580626260049134,0.12183342614884954
4.83,2.594302961372128,0.11784016513706012
4.859999999999999,2.6078859077197643,0.11229206120654074
4.89,2.621663816273406,0.10574301812433896
4.92,2.6360531079485527,0.09770562884321331
4.95,2.650436909749697,0.08736246670239442
4.9799999999999995,2.6660721280919457,0.075473355581002
5.01,2.6804546748125113,0.06253362030571231
5.04,2.6935263598621435,0.047983981567865194
5.069999999999999,2.7078547962314765,0.033511391828437195
5.1,2.721533600133068,0.02057619259052813
5.13,2.7340344622732573,0.010593795139670438
5.16,2.745910735746134,0.0033913627648936994
5.1899999999999995,2.758985408854702,-0.002329201048550908
5.22,2.773349491010881,-0.006310798828726785
5.25,2.789216537117918,-0.007996967737138483
5.279999999999999,2.806067193028288,-0.007820269475013398
5.31,2.82397084759434,-0.006011844274633029
5.34,2.8429476069542776,-0.002524602811327299
5.37,2.8633795762477554,0.0022891081221786008
5.3999999999999995,2.885987657887319,0.008493983198142561
5.43,2.909981091273594,0.014407129424265084
5.46,2.9339640305741446,0.02111681337072261
5.49,2.957242888903585,0.028044467745487245
5.52,2.979238011462834,0.03288919348465401
5.55,2.9985634961419145,0.03547697108223826
5.58,3.0157261004932288,0.03697112393468534
5.609999999999999,3.032104822926622,0.03661978122191728
5.64,3.047555744185557,0.03437716552978327
5.67,3.0629245044597457,0.030875844675300697
5.7,3.0786884888221233,0.026168526574331684
5.7299999999999995,3.0956244856994113,0.020476907021910247
5.76,3.11275820816575,0.012266207623077832
5.79,3.131150552874248,0.0017082103313059902
5.819999999999999,3.1503124953154265,-0.008928238944739436
5.85,3.1679840398525223,-0.020485603654206184
5.88,3.1855873496404734,-0.03530210895677276
5.91,3.206115829563826,-0.04945042960749698
5.9399999999999995,3.225662129634604,-0.0620537652068353
5.97,3.243097412858342,-0.07136107992682646
6.0,3.2585839605946396,-0.07667845558463238
6.029999999999999,3.273045575401397,-0.07917658147405493
6.06,3.2886653696960972,-0.08050720400313727
6.09,3.3055701065289487,-0.07969061299791591
6.12,3.3246808272965067,-0.07606641614913942
6.1499999999999995,3.3451120923161684,-0.07116105559068858
6.18,3.366463872837695,-0.06483091138269129
6.21,3.389007826212429,-0.05603963078455286
6.24,3.413831900265826,-0.045819567674073296
6.27,3.4402168616772255,-0.034937701921316046
6.3,3.4664143060352557,-0.02285903243843008
6.33,3.490829650434787,-0.0100990801967779
6.359999999999999,3.5133943298633112,-0.0011624130559755783
6.39,3.53171209225499,0.004664183850675299
6.42,3.5484090274763553,0.010876453385659852
6.45,3.5642622363144043,0.01568796129951492
6.4799999999999995,3.579193473725536,0.019112406565262002
6.51,3.5927580153783647,0.02093122288964997
6.54,3.606870073176583,0.021998008287945053
6.569999999999999,3.621048315499196,0.021471849085729168
6.6,3.635298901898143,0.019208925474436967
6.63,3.6498189325977197,0.01585045316439163
6.66,3.6641221083553446,0.011320948459685126
6.6899999999999995,3.679258170224929,0.006334976567472998
6.72,3.6920419661294277,0.00038979970521116987
6.75,3.707386881315753,-0.007555523919283762
6.779999999999999,3.723278795320761,-0.015202855396425616
6.81,3.738701670949919,-0.021672863428969548
6.84,3.7536268257606507,-0.02700898582832155
6.87,3.7678106022701083,-0.030446606897721124
6.8999999999999995,3.782633842983989,-0.03211264369768223
6.93,3.799325338266567,-0.03243791553946426
6.96,3.8174241052632794,-0.031532281004765066
6.989999999999999,3.8369370843384676,-0.029186518100516486
7.02,3.857580213253175,-0.02513338025580257
7.05,3.879680307807228,-0.01976186810463023
7.08,3.903987714780808,-0.013395612193313452
7.109999999999999,3.9295589607689805,-0.00858496706467288
7.14,3.9541480369468798,-0.002728704522627806
7.17,3.9785213475973698,0.0033777030266348308
7.199999999999999,4.002346520634721,0.007952300233286577
7.2299999999999995,4.023513283095529,0.010561410803835332
7.26,4.042436671137373,0.011810554691663259
7.29,4.059486914989424,0.011864876424140648
7.319999999999999,4.074773788031145,0.010830986211091584
7.35,4.089826023602867,0.008819815165886842
7.38,4.104875478504236,0.005163545496676788
7.41,4.120293283246948,0.00022151869505099037
7.4399999999999995,4.136537453597793,-0.006031834578334025
7.47,4.152413454926495,-0.013889379604955558
7.5,4.169433353461887,-0.022708595817594147
7.529999999999999,4.186999525486898,-0.033006540903833786
7.56,4.202403960410144,-0.044513064883965364
7.59,4.220365379181978,-0.05558999832927092
7.62,4.240058651443888,-0.0651891922130799
7.6499999999999995,4.259628938743181,-0.07353667416752259
7.68,4.278085573754726,-0.08011606206536712
7.71,4.2954824211648654,-0.08413795407927269
7.739999999999999,4.313497988534368,-0.08665865629608997
7.77,4.331352390177235,-0.0867276216123412
7.8,4.3512534486446475,-0.0851041005109212
7.83,4.372564596998764,-0.0815528089697087
7.859999999999999,4.395538795412331,-0.07638096762165586
7.89,4.420047437120678,-0.06960455354780075
7.92,4.446417051250581,-0.062035938000149185
7.949999999999999,4.473481115341841,-0.0540164245035635
7.9799999999999995,4.500093346970785,-0.04549847174591196
8.01,4.526051251258233,-0.037704206404171145
8.04,4.5497417243065765,-0.03157207451305522
8.07,4.5705354435247205,-0.0273591836495544
8.1,4.590004538977115,-0.024520225379743996
8.129999999999999,4.6083249644656155,-0.023227665190902545
8.16,4.624671215324739,-0.023939256832231963
8.19,4.641157511436838,-0.026098804934643574
8.219999999999999,4.658471148263597,-0.029597587739635816
8.25,4.67658944193789,-0.033517827699612465
8.28,4.695692200658627,-0.038944876502617506
8.31,4.71563791060574,-0.04577243375118021
8.34,4.7370752854576965,-0.05335149688052306
8.37,4.757281296831849,-0.061138137509319915
8.4,4.7774542338574,-0.07193206302149636
8.43,4.798726560172324,-0.08327112823437416
8.459999999999999,4.820224390873476,-0.0934164733124789
8.49,4.839833300121027,-0.10238571672328052
8.52,4.857260680325168,-0.1090774030802539
8.549999999999999,4.873407644425117,-0.112364676613084
8.58,4.890939883413314,-0.11407172727730693
8.61,4.910195352321103,-0.11371929697599542
8.64,4.93220549148871,-0.11174144666989178
8.67,4.955634548047505,-0.1082645046580946
8.7,4.979612275170459,-0.10411563425033919
8.73,5.004618483715827,-0.09886607567354543
8.76,5.031348843636815,-0.09305683943999382
8.79,5.060260346235921,-0.0859786797056258
8.82,5.090046904111385,-0.07880231722165043
8.85,5.118667679609704,-0.07091530250820266
8.879999999999999,5.14479478982454,-0.06380922793319292
8.91,5.167033757103544,-0.058635234681371065
8.94,5.185851625222183,-0.054864839758500615
8.969999999999999,5.202484347595059,-0.052345245020495194
9.0,5.217832686401598,-0.05060244436559763
9.03,5.232430249284531,-0.049725918398467024
9.06,5.246508340749097,-0.05007487019977389
9.09,5.260807513293391,-0.05128209660112803
9.12,5.275356864239268,-0.05335484902470672
9.15,5.289722963224959,-0.05569247359833924
9.18,5.304286999355138,-0.058775384130982884
9.209999999999999,5.318089201728674,-0.06319767140009576
9.24,5.3285280506086625,-0.06781381659114233
9.27,5.342431239778525,-0.07312858210531667
9.299999999999999,5.358098083860797,-0.07768069891057555
9.33,5.372964905909972,-0.08159692431762933
9.36,5.386546254376738,-0.08409133917632473
9.389999999999999,5.399217713138,-0.08506715312176523
9.42,5.413458015829788,-0.08495090857184268
9.45,5.428608791479797,-0.08298509878365018
9.48,5.444606310707047,-0.07979561756196549
9.51,5.462009585682082,-0.07556425376458444
9.54,5.4808360136237635,-0.06987567722151883
9.57,5.501149643963479,-0.06240762720102837
9.6,5.522924984854087,-0.054141657508515115
9.629999999999999,5.546359403432866,-0.04622261078745014
9.66,5.569234637845239,-0.03784858226469011
9.69,5.590389590191301,-0.031157801794382916
9.719999999999999,5.609622263846676,-0.026036431195224353
9.75,5.626603663055658,-0.022455134523941715
9.78,5.6415289411800895,-0.020854858678983578
9.81,5.654369732709968,-0.02090770566808193
9.84,5.666404719651641,-0.022625475353979924
9.87,5.678020927814057,-0.025818976476866397
9.9,5.690040288140874,-0.03073604117235147
9.93,5.7026384267125865,-0.037697547964291325
9.959999999999999,5.715286836716897,-0.04581513585080883
9.99,5.728013287518128,-0.055105216865097555
10.02,5.74073218387655,-0.06534968281622763
10.049999999999999,5.752485624423008,-0.07731318838453159
10.08,5.765332437807703,-0.09145552612205349
10.11,5.779131618949632,-0.10549223982167076
10.139999999999999,5.792577431781395,-0.11729028656784896
10.17,5.805761487884153,-0.12804212923447184
10.2,5.818863387036398,-0.13697674065799126
10.23,5.833513070573174,-0.14403366594683628
10.26,5.849226964481435,-0.14882903944380327
10.29,5.8668039630062845,-0.15258082010884125
10.32,5.886098678594737,-0.15488083009759815
10.35,5.9074571129852265,-0.1555729584116331
10.379999999999999,5.930455711704849,-0.1547536696118518
10.41,5.955480961207084,-0.15280981836111374
10.44,5.982723886358519,-0.15050187909680088
10.469999999999999,6.011235689577278,-0.14789339079850114
10.5,6.039454863356356,-0.14422494176121242
10.53,6.066853187404203,-0.1419238793289295
10.559999999999999,6.0919551384687445,-0.14158128346394686
10.59,6.113681053990288,-0.1427380528125435
10.62,6.132855970704735,-0.14598800540116638
10.65,6.149377713082786,-0.15081730801791504
10.68,6.163488709228861,-0.15612191162016295
10.709999999999999,6.177882548194368,-0.16206914440633557
10.74,6.191702136715465,-0.16980696028478853
10.77,6.2064592829546035,-0.1791035500280807
10.799999999999999,6.221778831218921,-0.190488492371594
10.83,6.236905605161448,-0.20402755492359884
10.86,6.252855442010104,-0.218357376601404
10.889999999999999,6.266184050328313,-0.2340195485585531
10.92,6.281732047942142,-0.2521510335270563
10.95,6.297639514756297,-0.2681234530264112
10.98,6.312151470490252,-0.2806804794165495
11.01,6.325990586366871,-0.290060241285932
11.04,6.339309385259046,-0.2963452996785938
11.07,6.354522982388917,-0.3014537744687767
11.1,6.3718784915359326,-0.3042759674348143
11.129999999999999,6.39099691459962,-0.3048807001759867
11.16,6.411121430582556,-0.3032934263652912
11.19,6.432572367670588,-0.29934895519560467
11.219999999999999,6.455976489169205,-0.293266372341343
11.25,6.481169069730123,-0.28534877734940794
11.28,6.50843824640882,-0.276518379241101
11.309999999999999,6.536509756370833,-0.26681605639000233
11.34,6.564070120415742,-0.25703023349775467
11.37,6.589201609638776,-0.2471873412054464
11.4,6.610882905813745,-0.23909128716008016
11.43,6.629264055714857,-0.23311191841359952
11.459999999999999,6.645821565707001,-0.22846741403880164
11.49,6.6609251099835625,-0.22525932665442747
11.52,6.674825904103094,-0.22267902395357744
11.549999999999999,6.688345137524648,-0.22099080093093923
11.58,6.701915568928682,-0.2207998541977844
11.61,6.715219985229764,-0.2220329751652796
11.639999999999999,6.728395848606833,-0.2248092103350041
11.67,6.741421824230402,-0.2288247823596979
11.7,6.755305588692163,-0.2323868137820326
11.73,6.766750535649634,-0.23630786631740577
11.76,6.781259336704356,-0.2413982701331775
11.79,6.796777064493273,-0.24650406306096448
11.82,6.8113400169630465,-0.2506028082529144
11.85,6.82469751652173,-0.252794305043701
11.879999999999999,6.8379621158653485,-0.25373472791783364
11.91,6.851765157385623,-0.252755177042529
11.94,6.866313913095121,-0.25033599028726083
11.969999999999999,6.881942514751161,-0.24665219629926433
12.0,6.898832088410218,-0.2411950482351859
12.03,6.9169413719487505,-0.23409457725779292
12.059999999999999,6.936494428666854,-0.22538744991672136
12.09,6.95718962651221,-0.2152712869648376
12.12,6.979778342801735,-0.2042893997969779
12.15,7.003055126823521,-0.19337871474042623
12.18,7.026634550186394,-0.18165111667643125
12.209999999999999,7.049859689089849,-0.1699681975706841
12.24,7.070978084067638,-0.16062938587123388
12.27,7.088376017212574,-0.1537948101649688
12.299999999999999,7.104900429009579,-0.14765048889464896
12.33,7.120642254414292,-0.14305405639779586
12.36,7.1347084348465275,-0.14069802244155596
12.389999999999999,7.148186064167912,-0.1402042607105421
12.42,7.162216497896928,-0.1408669761304123
12.45,7.1769444079980325,-0.142297923507893
12.48,7.1919387388340095,-0.14593668450429512
12.51,7.206418151494481,-0.1513618395356133
12.54,7.221533278528277,-0.15713787709693974
12.57,7.236089323190814,-0.16335424430466972
12.6,7.250250275393543,-0.1724870530217216
12.629999999999999,7.266886448926672,-0.18201761781103576
12.66,7.282930390110719,-0.19060494809579512
12.69,7.297289340943433,-0.1974932284635186
12.719999999999999,7.3103742936524005,-0.20220377484143978
12.75,7.323181724676866,-0.205085583245063
12.78,7.337630635547846,-0.20650676693720982
12.809999999999999,7.35339560759784,-0.2064343793878383
12.84,7.3704585761544825,-0.20478580680252917
12.87,7.388536016295334,-0.20088008583630096
12.9,7.407332657446614,-0.19562750959388264
12.93,7.426987007977107,-0.18909100841475393
12.959999999999999,7.44833488326799,-0.1809272580306414
12.99,7.471532505715354,-0.17266645950550563
13.02,7.494906710492098,-0.16448751508825146
13.049999999999999,7.517547892354786,-0.15702142998314422
13.08,7.538961985291771,-0.15164782889743147
13.11,7.557458818624616,-0.1482331182985833
13.139999999999999,7.5737630222298575,-0.14624128692679994
13.17,7.588322251864345,-0.1460103560475784
13.2,7.602082152303263,-0.14734543316137771
13.229999999999999,7.61626715030638,-0.14999356333274252
13.26,7.631133240969559,-0.15434291611513062
13.29,7.646433540863486,-0.16060860382127118
13.32,7.66299906154821,-0.16846990272929924
13.35,7.679399401358262,-0.1786583097489853
13.379999999999999,7.696655261974895,-0.19030391326679968
13.41,7.7135483585799065,-0.20240210374228176
13.44,7.729760541662416,-0.21762340639620734
13.469999999999999,7.747196867936124,-0.2328951519519703
13.5,7.764220366064638,-0.24593310303648416
13.53,7.7802159126871,-0.25672803517939197
13.559999999999999,7.795244576313029,-0.2649152669144258
13.59,7.809536342772748,-0.2703388088524454
13.62,7.825659329921491,-0.27449319283766505
13.65,7.842659776936382,-0.27638858132268596
13.68,7.861481719430952,-0.2761915196398735
13.709999999999999,7.881391900572386,-0.27393175593517055
13.74,7.901947190434118,-0.26986007475669227
13.77,7.923655711804137,-0.2645030390864774
13.799999999999999,7.947248889959412,-0.257577835596451
13.83,7.972733693231355,-0.24981035595847245
13.86,7.999378831366227,-0.24154745081456813
13.889999999999999,8.02531849315946,-0.23313434667100663
13.92,8.049549487815671,-0.22802150431531854
13.95,8.07016979612909,-0.22591110755291743
13.979999999999999,8.0885751776948,-0.22527891858712706
14.01,8.106837419601932,-0.22566056484045463
14.04,8.124309469875609,-0.22745475209458055
14.07,8.14297785890817,-0.2305376252010481
14.1,8.162439827735763,-0.23477964883811964
14.129999999999999,8.182634598148628,-0.2404991419077266
14.16,8.203341113677443,-0.24776741335899458
14.19,8.225641422863903,-0.2572163634162231
14.219999999999999,8.248623991141688,-0.2688612432819016
14.25,8.272288373038355,-0.28074335909455617
14.28,8.295582938002743,-0.2919025391110038
14.309999999999999,8.31835891557159,-0.302191194827972
14.34,8.339739638601808,-0.3110216849218834
14.37,8.357793590660565,-0.31759582355641885
14.399999999999999,8.376052946048825,-0.32256239566483563
14.43,8.395258729878142,-0.3252654813971634
14.459999999999999,8.414643146530517,-0.3259186347592936
14.49,8.43343354381292,-0.3246360442973927
14.52,8.452467076738012,-0.32154200640249747
14.549999999999999,8.473169475430785,-0.31735517996157353
14.58,8.494796075328606,-0.3118191122595863
14.61,8.517217965562235,-0.3048019724510966
14.639999999999999,8.5412375133485,-0.29713656550000517
14.67,8.567171794720561,-0.2893186496285243
14.7,8.59252602415455,-0.2808989378837171
14.729999999999999,8.616679229944511,-0.2721995014773678
14.76,8.638800339303407,-0.2652329627666956
14.79,8.658270486657033,-0.26087708364828077
14.82,8.67680512745441,-0.2582743636022667
14.85,8.694732173700505,-0.25743438828821313
14.879999999999999,8.711355536919113,-0.25793645655358793
14.91,8.727304243733997,-0.2591858612427459
14.94,8.743541481252233,-0.26143025141734344
14.969999999999999,8.760218872712027,-0.26523034228157805
15.0,8.77774779425304,-0.27007335191409737
15.03,8.795897187982739,-0.2761264496667774
15.059999999999999,8.814847775380299,-0.28386790341273416
15.09,8.834611754344024,-0.29267522895037085
15.12,8.851040409710599,-0.3021990071102935
15.149999999999999,8.870814045377443,-0.3114244914271447
15.18,8.890760401760545,-0.3192875122538476
15.209999999999999,8.90950000889739,-0.325679803923956
15.24,8.926120822308768,-0.3294972934801645
15.27,8.943408521057039,-0.3325118418756867
15.299999999999999,8.961632018910926,-0.3338568453018572
15.33,8.97948252001985,-0.33329088805113044
15.36,8.997363533218309,-0.3313177926485024
15.389999999999999,9.01594708543881,-0.32767325080010107
15.42,9.035728964279821,-0.32248449336750795
15.45,9.056537614934006,-0.3157882827907203
15.479999999999999,9.078272498469797,-0.3079857323011222
15.51,9.102265596514908,-0.29923096702524005
15.54,9.127079509596665,-0.29074906225775154
15.57,9.150334582865526,-0.2820043014228457
15.6,9.171371925520281,-0.2748835428273538
15.629999999999999,9.189865176865549,-0.27006633463655505
15.66,9.207224122564787,-0.2668476963785327
15.69,9.223121810390113,-0.26534319106347903
15.719999999999999,9.237990636904469,-0.2645161828641471
15.75,9.252898875193713,-0.26451462716798035
15.78,9.26839063253183,-0.2655643304786113
15.809999999999999,9.284432781321172,-0.2681370607493143
15.84,9.300880894354739,-0.27211272797875724
15.87,9.317834349032564,-0.27694283413598475
15.899999999999999,9.334635425904738,-0.2831397877529307
15.93,9.352814549126911,-0.2900201505070212
15.959999999999999,9.367763159901948,-0.29743165528835075
15.99,9.386534249147331,-0.3048083104318224
16.02,9.40529442436528,-0.31150865065187433
16.05,9.42312460457392,-0.316994864430882
16.08,9.439782306420879,-0.3211395799991405
16.11,9.455788082840778,-0.32356355421190786
16.14,9.47255457311409,-0.32385786764297664
16.169999999999998,9.48958395134209,-0.3225487586979877
16.2,9.507401213896731,-0.31978960869642725
16.23,9.526242294279674,-0.3145289675595027
16.259999999999998,9.546063644566116,-0.3074771847038403
16.29,9.56752745995,-0.29938601767335693
16.32,9.591508534425412,-0.2897970783292975
16.349999999999998,9.617027981343023,-0.2808184703806922
16.38,9.641502609233875,-0.27110025294903406
16.41,9.665152603686606,-0.2613481444998959
16.439999999999998,9.688664139781876,-0.25325952456370093
16.47,9.70925255156117,-0.2474267895021271
16.5,9.727119967195046,-0.24261749501065544
16.53,9.743521694638783,-0.24001499508275057
16.56,9.758495712594472,-0.23947382584807914
16.59,9.772495644205726,-0.24007437736409798
16.62,9.786399832744772,-0.2420018943446956
16.65,9.800962319844706,-0.24485270655231173
16.68,9.81620558393309,-0.24866072096973343
16.71,9.831044661699531,-0.2539855171356675
16.74,9.847260839824752,-0.2606039617032379
16.77,9.864007826144062,-0.26895019535775383
16.8,9.877343460136572,-0.27814232381016213
16.83,9.893719896456744,-0.2862946399781848
16.86,9.911802384783206,-0.2928920534427908
16.89,9.929193791272622,-0.2976693878785745
16.919999999999998,9.945202238357412,-0.3007071651455698
16.95,9.958888811992265,-0.3009496245628016
16.98,9.971691715378078,-0.29810152700124004
17.009999999999998,9.986947149253561,-0.29352679605938004
17.04,10.00337578693313,-0.28656900558511883
17.07,10.020339905668239,-0.27693102819206805
17.099999999999998,10.038370427089731,-0.26505932966460294
17.13,10.05760225574584,-0.2511929014501278
17.16,10.07855392111205,-0.2353524160635739
17.189999999999998,10.099887194594732,-0.21857880412593828
17.22,10.12037354857322,-0.2020560849449643
17.25,10.139119745161176,-0.18675558480663768
17.28,10.15571808377799,-0.17423672586841513
17.31,10.170621518788938,-0.16440295152192783
17.34,10.184075735822308,-0.15651446081368156
17.37,10.196351158792936,-0.1506393705771431
17.4,10.208216077725996,-0.14576891936387135
17.43,10.219697835929631,-0.1422778710362492
17.46,10.231889940547019,-0.1401481197410369
17.49,10.244570449356265,-0.13857682918135444
17.52,10.257786881155546,-0.13785661159165816
17.55,10.271403040145001,-0.13912242353146398
17.58,10.285112040509597,-0.14159792816596015
17.61,10.299730022600833,-0.1436272114394271
17.64,10.312446317705906,-0.14685774086735
17.669999999999998,10.327909392666232,-0.15022602037799276
17.7,10.34361748378611,-0.15291225425105953
17.73,10.358292100792127,-0.15407753586852269
17.759999999999998,10.372332377443962,-0.15348148809045428
17.79,10.386169811811135,-0.15150601409706355
17.82,10.400106512958898,-0.1476468152131961
17.849999999999998,10.414896499246824,-0.14200417760475018
17.88,10.430808683762065,-0.13442788789848506
17.91,10.448019027122493,-0.12486537517098302
17.939999999999998,10.466511014669736,-0.11367646519549514
17.97,10.48609735649983,-0.10040511638463956
18.0,10.508370510788382,-0.08558352518598422
